fullName,season,rel_batting_impact_score,rel_bowling_impact_score
AB de Villiers,2009,11.76,0.0
AB de Villiers,2010,42.89,0.0
AB de Villiers,2011,23.32,0.0
AB de Villiers,2012,42.38,0.0
AB de Villiers,2013,61.57,0.0
AB de Villiers,2014,81.12,0.0
AB de Villiers,2015,104.48,0.0
AB de Villiers,2016,133.57,0.0
AB de Villiers,2017,168.93,0.0
AB de Villiers,2018,151.68,0.0
AB de Villiers,2019,187.18,0.0
AB de Villiers,2020,179.06,0.0
AB de Villiers,2021,177.83,0.0
Aakash Chopra,2009,5.82,0.0
Aaron Finch,2010,15.83,0.25
Aaron Finch,2011,31.79,0.0
Aaron Finch,2012,21.12,0.0
Aaron Finch,2013,42.8,0.0
Aaron Finch,2014,68.0,2.72
Aaron Finch,2015,61.21,0.0
Aaron Finch,2016,48.08,0.0
Aaron Finch,2017,74.74,0.0
Aaron Finch,2018,64.56,0.0
Aaron Finch,2020,63.91,0.25
Aaron Finch,2022,79.74,0.5
Aavishkar Salvi,2009,0.0,14.22
Aavishkar Salvi,2011,0.0,28.44
Abdul Samad,2020,6.7,4.49
Abdul Samad,2021,17.94,2.38
Abdul Samad,2022,14.27,13.48
Abhijeet Tomar,2022,2.72,0.0
Abhimanyu Mithun,2009,1.8,4.59
Abhimanyu Mithun,2010,0.0,0.0
Abhimanyu Mithun,2011,3.24,7.74
Abhimanyu Mithun,2012,7.74,4.42
Abhimanyu Mithun,2013,3.24,0.0
Abhinav Manohar,2022,10.82,0.0
Abhinav Mukund,2013,7.14,0.0
Abhishek Jhunjhunwala,2010,7.56,1.76
Abhishek Jhunjhunwala,2011,21.17,0.0
Abhishek Jhunjhunwala,2012,10.98,0.0
Abhishek Nayar,2009,15.04,2.1
Abhishek Nayar,2010,12.85,16.32
Abhishek Nayar,2011,27.98,2.1
Abhishek Nayar,2012,17.46,5.66
Abhishek Nayar,2013,25.67,2.1
Abhishek Nayar,2014,22.57,11.06
Abhishek Raut,2009,9.27,0.0
Abhishek Raut,2010,8.01,0.0
Abhishek Raut,2011,16.65,0.0
Abhishek Sharma,2018,11.93,3.77
Abhishek Sharma,2019,29.42,0.0
Abhishek Sharma,2020,13.88,4.74
Abhishek Sharma,2021,20.92,3.7
Abhishek Sharma,2022,30.77,14.1
Abrar Kazi,2011,0.0,0.0
Abu Nechim,2010,3.09,7.61
Abu Nechim,2011,2.52,0.0
Abu Nechim,2012,13.83,9.8
Abu Nechim,2013,2.52,0.0
Abu Nechim,2014,2.52,23.31
Abu Nechim,2015,5.02,9.46
Adam Gilchrist,2009,24.3,0.0
Adam Gilchrist,2010,23.36,0.0
Adam Gilchrist,2011,12.6,0.0
Adam Gilchrist,2012,33.25,0.0
Adam Gilchrist,2013,32.42,0.0
Adam Milne,2016,1.3,6.28
Adam Milne,2017,0.0,15.64
Adam Milne,2021,1.3,12.56
Adam Milne,2022,4.93,20.54
Adam Voges,2010,21.86,0.0
Adam Zampa,2016,1.12,19.1
Adam Zampa,2017,0.0,54.6
Adam Zampa,2020,1.12,38.2
Adil Rashid,2021,0.0,0.0
Aditya Dole,2010,11.77,16.28
Aditya Tare,2010,7.68,0.0
Aditya Tare,2013,15.36,0.0
Aditya Tare,2014,33.34,0.0
Aditya Tare,2015,23.38,0.0
Aditya Tare,2016,20.12,0.0
Aditya Tare,2017,18.06,0.0
Adrian Barath,2010,10.64,0.0
Aiden Blizzard,2011,7.18,0.0
Aiden Blizzard,2012,21.54,0.0
Aiden Markram,2021,22.77,1.17
Aiden Markram,2022,18.84,0.0
Ajantha Mendis,2009,0.0,16.56
Ajantha Mendis,2010,0.0,10.32
Ajantha Mendis,2013,0.47,22.68
Ajinkya Rahane,2009,1.36,0.0
Ajinkya Rahane,2011,19.8,1.43
Ajinkya Rahane,2012,13.82,0.0
Ajinkya Rahane,2013,42.5,0.0
Ajinkya Rahane,2014,36.21,0.0
Ajinkya Rahane,2015,35.64,0.0
Ajinkya Rahane,2016,71.22,0.0
Ajinkya Rahane,2017,64.33,0.0
Ajinkya Rahane,2018,53.81,0.0
Ajinkya Rahane,2019,74.38,0.0
Ajinkya Rahane,2020,97.83,0.0
Ajinkya Rahane,2021,84.42,0.0
Ajinkya Rahane,2022,79.82,0.0
Ajit  Chandila,2012,1.26,17.46
Ajit  Chandila,2013,0.0,40.38
Ajit Agarkar,2009,6.14,11.09
Ajit Agarkar,2010,16.74,5.92
Ajit Agarkar,2011,14.19,12.14
Ajit Agarkar,2012,8.45,25.56
Ajit Agarkar,2013,6.14,20.1
Akash Deep,2022,0.0,9.04
Akash Singh,2021,0.0,0.0
Akila Dananjaya,2018,2.5,0.0
Akshath Reddy,2012,13.77,0.0
Akshath Reddy,2013,32.06,0.0
Akshdeep Nath,2016,4.86,0.0
Akshdeep Nath,2017,4.5,0.0
Akshdeep Nath,2018,0.0,0.0
Akshdeep Nath,2019,6.37,0.0
Albie Morkel,2009,18.58,16.36
Albie Morkel,2010,7.14,13.2
Albie Morkel,2011,20.24,9.19
Albie Morkel,2012,15.55,21.73
Albie Morkel,2013,13.26,20.28
Albie Morkel,2014,23.99,35.3
Albie Morkel,2015,19.66,28.76
Albie Morkel,2016,49.13,28.56
Alex Carey,2020,7.64,0.0
Alex Hales,2018,18.49,0.0
Alfonso Thomas,2011,3.35,11.23
Alfonso Thomas,2012,0.32,24.04
Ali Murtaza,2010,1.6,8.53
Ali Murtaza,2011,0.0,21.73
Ali Murtaza,2012,1.25,18.85
Ali Murtaza,2013,3.15,8.53
Alzarri Joseph,2019,5.24,14.02
Alzarri Joseph,2022,10.48,28.04
Aman Hakim Khan,2022,3.21,0.0
Ambati Rayudu,2010,18.48,0.0
Ambati Rayudu,2011,37.46,0.0
Ambati Rayudu,2012,56.71,0.0
Ambati Rayudu,2013,55.27,0.0
Ambati Rayudu,2014,48.88,0.0
Ambati Rayudu,2015,68.35,0.0
Ambati Rayudu,2016,64.19,0.0
Ambati Rayudu,2017,85.97,0.0
Ambati Rayudu,2018,77.29,0.0
Ambati Rayudu,2019,107.43,0.0
Ambati Rayudu,2020,90.3,0.0
Ambati Rayudu,2021,116.97,0.0
Ambati Rayudu,2022,104.82,0.0
Amit Mishra,2009,8.82,31.12
Amit Mishra,2010,3.48,18.1
Amit Mishra,2011,7.42,17.71
Amit Mishra,2012,12.7,38.53
Amit Mishra,2013,9.54,29.19
Amit Mishra,2014,17.58,49.24
Amit Mishra,2015,10.87,36.84
Amit Mishra,2016,10.86,46.48
Amit Mishra,2017,12.19,59.33
Amit Mishra,2018,19.99,54.47
Amit Mishra,2019,12.81,71.34
Amit Mishra,2020,16.47,69.31
Amit Mishra,2021,12.81,68.27
Amit Paunikar,2010,4.34,0.0
Amit Paunikar,2011,0.0,0.0
Amit Singh,2009,0.21,20.25
Amit Singh,2011,0.42,40.5
Amit Singh,2012,0.74,33.36
Amit Uniyal,2010,1.33,9.18
Anand Rajan,2011,0.0,13.98
Anand Rajan,2012,0.0,28.98
Anand Rajan,2013,0.0,21.97
Andre Russell,2012,15.42,9.38
Andre Russell,2013,32.06,2.4
Andre Russell,2014,19.13,0.0
Andre Russell,2015,16.06,4.8
Andre Russell,2016,38.02,18.31
Andre Russell,2018,31.48,14.18
Andre Russell,2019,47.72,13.88
Andre Russell,2020,78.93,23.53
Andre Russell,2021,56.54,22.68
Andre Russell,2022,73.34,38.32
Andrew Flintoff,2009,16.26,7.04
Andrew McDonald,2009,6.47,10.35
Andrew McDonald,2010,1.96,0.0
Andrew McDonald,2011,15.48,12.6
Andrew McDonald,2012,7.28,0.0
Andrew McDonald,2013,18.83,27.4
Andrew Symonds,2009,51.1,0.0
Andrew Symonds,2010,24.07,13.14
Andrew Symonds,2011,20.88,10.74
Andrew Tye,2017,3.86,15.57
Andrew Tye,2018,16.56,50.46
Andrew Tye,2019,6.52,39.17
Andrew Tye,2020,3.86,20.19
Andrew Tye,2022,7.72,35.76
Angelo Mathews,2009,12.35,5.62
Angelo Mathews,2010,11.31,0.0
Angelo Mathews,2012,23.66,5.62
Angelo Mathews,2013,22.79,16.19
Angelo Mathews,2015,35.14,11.24
Angelo Mathews,2017,47.49,16.86
Aniket Choudhary,2017,6.27,11.51
Anil Kumble,2009,2.21,8.74
Anil Kumble,2010,2.0,33.17
Anirudh Singh,2010,11.55,0.0
Ankeet Chavan,2011,1.45,4.91
Ankeet Chavan,2012,0.63,0.0
Ankeet Chavan,2013,4.35,10.04
Ankit Bawne,2017,7.44,0.0
Ankit Rajpoot,2013,1.57,8.9
Ankit Rajpoot,2016,3.14,17.8
Ankit Rajpoot,2017,1.57,17.32
Ankit Rajpoot,2018,4.23,27.74
Ankit Rajpoot,2019,3.97,45.76
Ankit Rajpoot,2020,1.57,35.66
Ankit Sharma,2012,5.32,8.18
Ankit Sharma,2013,2.92,6.44
Ankit Sharma,2014,0.0,0.0
Ankit Sharma,2015,12.15,37.2
Ankit Sharma,2016,2.31,9.24
Ankit Sharma,2017,1.86,4.4
Ankit Sharma,2018,19.86,0.0
Ankit Soni,2017,1.53,4.18
Anmolpreet Singh,2021,7.85,0.0
Anmolpreet Singh,2022,19.19,0.0
Anrich Nortje,2020,0.71,18.67
Anrich Nortje,2021,2.25,16.47
Anrich Nortje,2022,0.71,40.59
Anuj Rawat,2021,5.75,0.0
Anuj Rawat,2022,0.0,0.0
Anukul Roy,2019,0.0,12.27
Anukul Roy,2022,0.0,24.54
Anureet Singh,2009,2.9,5.12
Anureet Singh,2015,5.8,10.24
Anureet Singh,2016,4.97,21.97
Anureet Singh,2017,2.9,10.24
Anureet Singh,2018,13.46,10.24
Anustup Majumdar,2012,16.15,0.0
Arindam Ghosh,2009,2.28,0.0
Arshdeep Singh,2019,0.76,12.62
Arshdeep Singh,2020,0.0,9.2
Arshdeep Singh,2021,0.0,21.86
Arshdeep Singh,2022,0.63,41.28
Arun Karthik,2010,3.32,0.0
Arun Karthik,2011,1.9,0.0
Arun Karthik,2013,5.22,0.0
Asad Pathan,2011,3.15,0.0
Asad Pathan,2012,7.44,0.0
Ashish Nehra,2009,0.69,10.95
Ashish Nehra,2010,0.62,32.61
Ashish Nehra,2012,2.21,27.26
Ashish Nehra,2013,5.63,21.14
Ashish Nehra,2014,2.37,33.67
Ashish Nehra,2015,2.21,54.82
Ashish Nehra,2016,2.39,53.3
Ashish Nehra,2017,3.01,48.29
Ashish Reddy,2012,8.85,8.24
Ashish Reddy,2013,4.7,22.18
Ashish Reddy,2015,13.55,16.48
Ashish Reddy,2016,24.04,25.48
Ashok Dinda,2009,0.64,11.31
Ashok Dinda,2010,0.63,6.3
Ashok Dinda,2011,0.0,25.76
Ashok Dinda,2012,0.0,17.52
Ashok Dinda,2013,1.3,37.11
Ashok Dinda,2014,1.19,30.41
Ashok Dinda,2015,0.92,23.93
Ashok Dinda,2016,0.0,17.52
Ashok Dinda,2017,0.0,33.58
Ashok Menaria,2011,9.16,2.49
Ashok Menaria,2012,22.38,5.29
Ashok Menaria,2013,36.01,9.96
Ashton Turner,2019,0.48,0.0
Avesh Khan,2017,1.6,10.06
Avesh Khan,2018,0.0,27.34
Avesh Khan,2019,0.0,16.33
Avesh Khan,2020,2.49,10.06
Avesh Khan,2021,0.0,10.06
Avesh Khan,2022,3.21,30.42
Axar Patel,2014,9.05,11.34
Axar Patel,2015,6.08,27.64
Axar Patel,2016,18.84,22.34
Axar Patel,2017,13.78,34.01
Axar Patel,2018,26.86,48.2
Axar Patel,2019,20.76,38.5
Axar Patel,2020,20.38,48.56
Axar Patel,2021,29.35,47.88
Axar Patel,2022,24.91,66.74
Ayush Badoni,2022,10.64,18.18
Azhar Bilakhia,2009,4.82,0.0
Azhar Bilakhia,2010,13.19,0.0
Azhar Mahmood,2012,10.6,11.41
Azhar Mahmood,2013,24.23,27.7
Azhar Mahmood,2015,21.2,22.82
Baba Indrajith,2022,4.8,0.0
Balachandra Akhil,2009,4.52,4.33
Balachandra Akhil,2010,3.8,15.29
Balachandra Akhil,2011,0.0,4.33
Barinder Sran,2015,0.67,3.65
Barinder Sran,2016,0.0,0.0
Barinder Sran,2017,0.82,11.88
Barinder Sran,2018,0.0,0.0
Barinder Sran,2019,0.68,6.38
Basil Thampi,2017,1.21,7.99
Basil Thampi,2018,4.68,17.59
Basil Thampi,2019,3.19,28.72
Basil Thampi,2020,1.83,17.59
Basil Thampi,2022,3.04,25.58
Ben Cutting,2014,8.94,8.64
Ben Cutting,2016,17.88,17.28
Ben Cutting,2017,29.78,34.7
Ben Cutting,2018,41.83,19.75
Ben Cutting,2019,41.19,22.66
Ben Dunk,2014,9.34,0.0
Ben Hilfenhaus,2012,0.0,17.01
Ben Hilfenhaus,2014,0.0,34.02
Ben Laughlin,2013,0.84,8.66
Ben Laughlin,2018,1.68,17.32
Ben Rohrer,2013,18.55,0.0
Ben Stokes,2017,14.42,6.81
Ben Stokes,2018,36.32,20.67
Ben Stokes,2019,25.96,14.95
Ben Stokes,2020,24.32,23.7
Ben Stokes,2021,53.07,18.25
Beuran Hendricks,2014,0.31,13.77
Beuran Hendricks,2015,0.0,12.72
Bhanuka Rajapaksa,2022,16.34,0.0
Bharat Chipli,2011,8.74,0.0
Bharat Chipli,2012,20.77,0.0
Bharat Chipli,2013,15.22,0.0
Bhargav Bhatt,2011,1.25,8.98
Bhargav Bhatt,2012,0.0,23.36
Bhargav Bhatt,2013,3.76,13.73
Bhuvneshwar Kumar,2011,2.34,14.15
Bhuvneshwar Kumar,2012,0.62,12.38
Bhuvneshwar Kumar,2013,4.17,10.0
Bhuvneshwar Kumar,2014,8.11,22.4
Bhuvneshwar Kumar,2015,4.49,44.57
Bhuvneshwar Kumar,2016,8.39,38.56
Bhuvneshwar Kumar,2017,8.01,57.28
Bhuvneshwar Kumar,2018,5.79,85.36
Bhuvneshwar Kumar,2019,7.99,66.97
Bhuvneshwar Kumar,2020,7.79,78.06
Bhuvneshwar Kumar,2021,5.79,77.59
Bhuvneshwar Kumar,2022,9.74,73.84
Billy Stanlake,2017,1.56,13.44
Billy Stanlake,2018,0.0,11.52
Biplab Samantray,2012,7.36,0.0
Biplab Samantray,2013,1.24,0.0
Bipul Sharma,2010,5.58,9.61
Bipul Sharma,2011,2.8,7.95
Bipul Sharma,2012,8.44,23.25
Bipul Sharma,2013,21.48,7.95
Bipul Sharma,2015,14.02,17.56
Bipul Sharma,2016,9.08,31.56
Bipul Sharma,2017,18.02,23.3
Bodapati Sumanth,2010,7.49,0.0
Brad Haddin,2011,12.54,0.0
Brad Hodge,2009,2.66,0.0
Brad Hodge,2010,28.23,9.6
Brad Hodge,2011,21.56,6.08
Brad Hodge,2012,19.18,34.12
Brad Hodge,2013,18.26,10.82
Brad Hodge,2014,35.39,6.08
Brad Hogg,2012,1.84,12.14
Brad Hogg,2013,6.88,27.98
Brad Hogg,2015,3.68,24.28
Brad Hogg,2016,5.99,47.98
Brendon McCullum,2009,38.41,0.0
Brendon McCullum,2010,16.36,0.0
Brendon McCullum,2011,34.62,0.0
Brendon McCullum,2012,55.35,0.0
Brendon McCullum,2013,53.25,0.0
Brendon McCullum,2014,38.61,0.0
Brendon McCullum,2015,61.21,0.0
Brendon McCullum,2016,84.81,0.0
Brendon McCullum,2017,77.26,0.0
Brendon McCullum,2018,98.96,0.0
Brett Lee,2009,3.98,14.4
Brett Lee,2010,9.08,32.4
Brett Lee,2011,6.47,14.4
Brett Lee,2012,4.79,20.07
Brett Lee,2013,14.39,28.96
Callum Ferguson,2011,9.28,0.0
Callum Ferguson,2012,18.86,0.0
Cameron White,2010,14.48,1.25
Cameron White,2011,7.0,0.0
Cameron White,2012,20.81,0.0
Cameron White,2013,50.6,0.0
Carlos Brathwaite,2016,7.6,7.17
Carlos Brathwaite,2017,16.78,17.95
Carlos Brathwaite,2018,11.65,11.67
Carlos Brathwaite,2019,25.21,25.09
Chaminda Vaas,2009,3.46,11.63
Chaminda Vaas,2010,14.8,34.19
Chandan Madan,2010,11.21,0.0
Chandrasekar Ganapathy,2010,0.0,0.0
Charl Langeveldt,2009,1.81,40.87
Charl Langeveldt,2010,0.0,120.79
Charl Langeveldt,2011,0.0,61.77
Chetan Sakariya,2021,1.05,12.62
Chetan Sakariya,2022,3.15,12.26
Chetanya Nanda,2009,0.0,9.44
Cheteshwar Pujara,2010,12.42,0.0
Cheteshwar Pujara,2011,28.71,0.0
Cheteshwar Pujara,2012,20.27,0.0
Cheteshwar Pujara,2013,16.23,0.0
Cheteshwar Pujara,2014,34.05,0.0
Chidhambaram Gautam,2013,7.7,0.0
Chidhambaram Gautam,2014,18.46,0.0
Chidhambaram Gautam,2015,17.44,0.0
Chris Gayle,2009,27.05,2.63
Chris Gayle,2010,19.0,1.78
Chris Gayle,2011,43.32,8.82
Chris Gayle,2012,86.76,18.72
Chris Gayle,2013,132.03,8.82
Chris Gayle,2014,124.98,16.32
Chris Gayle,2015,103.11,8.82
Chris Gayle,2016,131.18,8.82
Chris Gayle,2017,119.46,16.77
Chris Gayle,2018,135.94,8.82
Chris Gayle,2019,162.74,8.82
Chris Gayle,2020,192.68,8.82
Chris Gayle,2021,225.98,8.82
Chris Green,2020,0.0,0.0
Chris Jordan,2016,3.62,8.74
Chris Jordan,2017,1.96,22.73
Chris Jordan,2018,0.0,19.84
Chris Jordan,2020,3.62,17.48
Chris Jordan,2021,8.66,27.77
Chris Jordan,2022,19.68,40.19
Chris Lynn,2012,22.7,0.0
Chris Lynn,2014,45.4,0.0
Chris Lynn,2016,68.1,0.0
Chris Lynn,2017,54.97,0.0
Chris Lynn,2018,88.51,0.0
Chris Lynn,2019,79.0,0.0
Chris Lynn,2021,77.67,0.0
Chris Morris,2013,9.32,14.96
Chris Morris,2015,18.64,29.92
Chris Morris,2016,17.66,46.68
Chris Morris,2017,41.33,45.32
Chris Morris,2018,32.0,63.42
Chris Morris,2019,29.71,52.67
Chris Morris,2020,21.18,68.29
Chris Morris,2021,25.63,87.67
Chris Woakes,2017,5.6,17.56
Chris Woakes,2018,4.56,14.83
Chris Woakes,2021,10.16,32.39
Clint McKay,2012,5.7,5.88
Colin Ingram,2011,7.98,0.0
Colin Ingram,2019,15.96,0.0
Colin Munro,2016,10.28,0.0
Colin Munro,2018,20.56,0.0
Colin Munro,2019,18.81,0.0
Colin de Grandhomme,2017,10.0,2.86
Colin de Grandhomme,2018,9.71,8.09
Colin de Grandhomme,2019,21.68,6.2
Corey Anderson,2014,13.73,5.35
Corey Anderson,2015,31.83,4.32
Corey Anderson,2017,27.46,9.67
Corey Anderson,2018,23.23,7.99
D'Arcy Short,2018,11.74,7.92
Dale Steyn,2009,0.65,15.05
Dale Steyn,2010,0.0,9.72
Dale Steyn,2011,2.12,24.35
Dale Steyn,2012,7.02,42.09
Dale Steyn,2013,4.6,66.59
Dale Steyn,2014,9.5,61.72
Dale Steyn,2015,14.44,52.41
Dale Steyn,2016,14.22,47.6
Dale Steyn,2019,11.86,60.62
Dale Steyn,2020,9.5,83.9
Damien Martyn,2010,14.64,0.0
Dan Christian,2021,1.3,4.67
Daniel Christian,2011,8.15,9.24
Daniel Christian,2012,18.55,19.42
Daniel Christian,2013,34.57,32.61
Daniel Christian,2017,26.7,28.66
Daniel Christian,2018,24.59,40.11
Daniel Harris,2012,21.72,0.0
Daniel Sams,2020,1.49,7.29
Daniel Sams,2021,0.0,0.0
Daniel Sams,2022,1.98,7.74
Daniel Vettori,2009,0.0,14.88
Daniel Vettori,2010,8.22,12.71
Daniel Vettori,2011,16.95,7.93
Daniel Vettori,2012,12.84,23.19
Daren Sammy,2013,9.24,5.26
Daren Sammy,2014,24.06,17.67
Daren Sammy,2015,17.73,8.62
Darren Bravo,2017,3.75,0.0
Darshan Nalkande,2022,0.0,8.68
Daryl Mitchell,2022,12.54,0.0
David Hussey,2009,18.92,4.06
David Hussey,2010,17.55,0.0
David Hussey,2011,11.89,0.0
David Hussey,2012,5.52,3.96
David Hussey,2013,26.26,11.07
David Hussey,2014,21.67,3.96
David Miller,2012,17.04,0.0
David Miller,2013,12.75,0.0
David Miller,2014,42.39,0.0
David Miller,2015,35.36,0.0
David Miller,2016,34.03,0.0
David Miller,2017,21.52,0.0
David Miller,2018,37.92,0.0
David Miller,2019,58.18,0.0
David Miller,2020,53.99,0.0
David Miller,2021,37.92,0.0
David Miller,2022,49.78,0.0
David Warner,2009,28.98,0.0
David Warner,2010,17.35,0.0
David Warner,2011,36.45,0.0
David Warner,2012,36.24,0.0
David Warner,2013,60.62,0.0
David Warner,2014,56.23,0.0
David Warner,2015,87.84,0.0
David Warner,2016,119.89,0.0
David Warner,2017,163.37,0.0
David Warner,2019,148.87,0.0
David Warner,2020,202.18,0.0
David Warner,2021,176.6,0.0
David Warner,2022,167.64,0.0
David Wiese,2015,8.2,7.62
David Wiese,2016,21.47,22.87
David Willey,2018,3.23,5.4
David Willey,2022,6.46,10.8
Davy Jacobs,2011,5.5,0.0
Davy Jacobs,2012,16.5,0.0
Dawid Malan,2021,20.54,0.0
Debabrata Das,2012,10.57,0.0
Debabrata Das,2013,10.32,0.0
Deepak Chahar,2016,3.74,9.18
Deepak Chahar,2017,0.0,0.0
Deepak Chahar,2018,9.3,3.22
Deepak Chahar,2019,8.56,14.67
Deepak Chahar,2020,2.3,31.97
Deepak Chahar,2021,1.64,25.81
Deepak Hooda,2015,12.37,3.45
Deepak Hooda,2016,11.62,1.69
Deepak Hooda,2017,6.54,8.45
Deepak Hooda,2018,16.08,8.01
Deepak Hooda,2019,14.74,1.69
Deepak Hooda,2020,12.84,6.43
Deepak Hooda,2021,34.42,1.69
Deepak Hooda,2022,23.01,5.12
Devdutt Padikkal,2020,21.37,0.0
Devdutt Padikkal,2021,46.13,0.0
Devdutt Padikkal,2022,44.33,0.0
Devon Conway,2022,28.91,0.0
Dewald Brevis,2022,16.62,3.75
Dhawal Kulkarni,2009,1.28,13.63
Dhawal Kulkarni,2010,3.32,7.8
Dhawal Kulkarni,2011,1.28,17.88
Dhawal Kulkarni,2012,2.56,29.08
Dhawal Kulkarni,2013,8.81,66.52
Dhawal Kulkarni,2014,2.56,45.32
Dhawal Kulkarni,2015,13.56,38.19
Dhawal Kulkarni,2016,3.88,53.08
Dhawal Kulkarni,2017,7.53,70.9
Dhawal Kulkarni,2018,4.52,58.35
Dhawal Kulkarni,2019,6.52,58.29
Dhawal Kulkarni,2020,9.64,64.59
Dhawal Kulkarni,2021,8.4,58.29
Dhruv Shorey,2018,4.42,0.0
Dhruv Shorey,2019,9.91,0.0
Dilhara Fernando,2010,1.25,23.42
Dillon du Preez,2009,7.02,24.99
Dimitri Mascarenhas,2009,6.08,27.6
Dimitri Mascarenhas,2010,12.81,17.4
Dimitri Mascarenhas,2012,10.7,38.0
Dimitri Mascarenhas,2013,9.17,71.3
Dinesh Karthik,2009,13.38,0.0
Dinesh Karthik,2010,30.9,0.0
Dinesh Karthik,2011,28.11,0.0
Dinesh Karthik,2012,44.35,0.0
Dinesh Karthik,2013,40.43,0.0
Dinesh Karthik,2014,60.98,0.0
Dinesh Karthik,2015,57.57,0.0
Dinesh Karthik,2016,49.26,0.0
Dinesh Karthik,2017,66.1,0.0
Dinesh Karthik,2018,88.01,0.0
Dinesh Karthik,2019,113.91,0.0
Dinesh Karthik,2020,104.02,0.0
Dinesh Karthik,2021,96.43,0.0
Dinesh Karthik,2022,107.31,0.0
Dirk Nannes,2009,0.36,12.47
Dirk Nannes,2010,0.0,27.78
Dirk Nannes,2011,1.43,24.32
Dirk Nannes,2013,0.36,36.79
Dishant Yagnik,2011,5.29,0.0
Dishant Yagnik,2012,3.03,0.0
Dishant Yagnik,2013,8.92,0.0
Dishant Yagnik,2014,18.63,0.0
Domnic Muthuswami,2015,0.63,9.24
Doug Bollinger,2010,2.52,19.28
Doug Bollinger,2011,8.13,43.18
Doug Bollinger,2012,2.52,37.93
Doug Bracewell,2012,7.47,37.44
Dushmantha Chameera,2022,4.12,8.58
Dwaine Pretorius,2022,5.88,10.08
Dwaraka Ravi Teja,2009,12.85,10.56
Dwaraka Ravi Teja,2011,8.6,2.11
Dwaraka Ravi Teja,2012,23.96,-0.0
Dwaraka Ravi Teja,2013,9.88,-0.0
Dwayne Bravo,2009,19.52,14.92
Dwayne Bravo,2010,17.05,12.84
Dwayne Bravo,2011,5.1,4.55
Dwayne Bravo,2012,3.63,17.35
Dwayne Bravo,2013,22.93,14.93
Dwayne Bravo,2014,10.78,37.89
Dwayne Bravo,2015,8.64,14.93
Dwayne Bravo,2016,19.56,34.75
Dwayne Bravo,2018,17.77,27.64
Dwayne Bravo,2019,28.6,23.76
Dwayne Bravo,2020,24.87,35.08
Dwayne Bravo,2021,20.02,46.84
Dwayne Bravo,2022,31.6,63.0
Dwayne Smith,2009,10.66,16.5
Dwayne Smith,2010,30.29,1.36
Dwayne Smith,2012,28.85,8.85
Dwayne Smith,2013,49.26,5.91
Dwayne Smith,2014,74.7,11.51
Dwayne Smith,2015,102.52,19.91
Dwayne Smith,2016,93.55,31.67
Dwayne Smith,2017,113.81,44.11
Eklavya Dwivedi,2016,8.05,0.0
Eoin Morgan,2010,13.46,0.0
Eoin Morgan,2011,6.0,0.0
Eoin Morgan,2013,19.46,0.0
Eoin Morgan,2015,32.92,0.0
Eoin Morgan,2016,48.36,0.0
Eoin Morgan,2017,63.94,0.0
Eoin Morgan,2020,61.82,0.0
Eoin Morgan,2021,86.19,0.0
Evin Lewis,2018,16.81,0.0
Evin Lewis,2019,39.1,0.0
Evin Lewis,2021,33.62,0.0
Evin Lewis,2022,55.94,0.0
Fabian Allen,2021,3.71,6.41
Fabian Allen,2022,2.1,4.18
Faf du Plessis,2012,22.87,0.0
Faf du Plessis,2014,45.74,0.0
Faf du Plessis,2015,42.06,0.0
Faf du Plessis,2016,61.52,0.0
Faf du Plessis,2017,88.79,0.0
Faf du Plessis,2018,66.84,0.0
Faf du Plessis,2019,88.12,0.0
Faf du Plessis,2020,114.87,0.0
Faf du Plessis,2021,142.6,0.0
Faf du Plessis,2022,175.51,0.0
Faiz Fazal,2010,9.99,0.0
Faiz Fazal,2011,23.51,0.0
Farhaan Behardien,2016,3.12,0.0
Farveez Maharoof,2009,11.07,21.6
Farveez Maharoof,2010,7.98,20.6
Fazalhaq Farooqi,2022,1.28,7.2
Fidel Edwards,2009,1.3,12.6
Gautam Gambhir,2009,30.86,0.0
Gautam Gambhir,2010,14.45,0.0
Gautam Gambhir,2011,35.93,0.0
Gautam Gambhir,2012,34.73,0.0
Gautam Gambhir,2013,62.05,0.0
Gautam Gambhir,2014,54.03,0.0
Gautam Gambhir,2015,50.29,0.0
Gautam Gambhir,2016,69.32,0.0
Gautam Gambhir,2017,96.72,0.0
Gautam Gambhir,2018,95.09,0.0
George Bailey,2009,14.43,0.0
George Bailey,2010,31.2,0.0
George Bailey,2014,28.86,0.0
George Bailey,2015,26.55,0.0
George Bailey,2016,42.38,0.0
George Garton,2021,0.64,6.66
Glenn Maxwell,2012,13.9,5.04
Glenn Maxwell,2013,2.09,11.88
Glenn Maxwell,2014,10.64,5.04
Glenn Maxwell,2015,36.19,6.27
Glenn Maxwell,2016,19.7,9.18
Glenn Maxwell,2017,32.47,6.27
Glenn Maxwell,2018,50.1,19.52
Glenn Maxwell,2020,46.37,11.31
Glenn Maxwell,2021,39.51,16.71
Glenn Maxwell,2022,69.26,22.63
Glenn Phillips,2021,6.27,4.98
Gnaneswara Rao,2011,13.94,0.0
Graeme Smith,2009,35.21,0.0
Graeme Smith,2010,13.14,0.0
Graeme Smith,2011,29.52,0.0
Graham Napier,2009,10.88,14.88
Gurinder Sandhu,2015,0.0,4.8
Gurkeerat Singh Mann,2012,12.75,3.72
Gurkeerat Singh Mann,2013,28.48,0.0
Gurkeerat Singh Mann,2015,25.5,3.72
Gurkeerat Singh Mann,2016,17.43,17.4
Gurkeerat Singh Mann,2019,30.18,7.44
Gurkeerat Singh Mann,2020,55.38,3.72
Hanuma Vihari,2013,6.19,1.06
Hanuma Vihari,2015,12.38,2.12
Hanuma Vihari,2019,18.57,3.18
Harbhajan Singh,2009,6.8,20.4
Harbhajan Singh,2010,5.62,16.47
Harbhajan Singh,2011,16.15,33.67
Harbhajan Singh,2012,15.57,30.77
Harbhajan Singh,2013,12.31,21.73
Harbhajan Singh,2014,11.49,41.19
Harbhajan Singh,2015,8.23,37.29
Harbhajan Singh,2016,17.23,37.01
Harbhajan Singh,2017,27.79,29.71
Harbhajan Singh,2018,18.79,40.89
Harbhajan Singh,2019,25.51,36.56
Harbhajan Singh,2021,24.77,49.66
Hardik Pandya,2015,14.07,5.74
Hardik Pandya,2016,9.84,1.15
Hardik Pandya,2017,3.36,4.35
Hardik Pandya,2018,15.36,9.99
Hardik Pandya,2019,30.51,25.35
Hardik Pandya,2020,51.23,19.55
Hardik Pandya,2021,46.7,9.99
Hardik Pandya,2022,38.65,9.99
Hardus Viljoen,2019,0.65,12.19
Harmeet Singh,2009,1.39,13.85
Harmeet Singh,2010,0.0,5.09
Harmeet Singh,2011,0.0,18.95
Harmeet Singh,2012,0.0,38.69
Harmeet Singh,2013,5.0,30.63
Harpreet Brar,2019,6.37,5.17
Harpreet Brar,2020,18.85,0.0
Harpreet Brar,2021,6.37,0.0
Harpreet Brar,2022,14.37,11.83
Harpreet Singh,2011,4.58,0.0
Harpreet Singh,2012,9.78,0.0
Harry Gurney,2019,0.6,9.92
Harshal Patel,2012,4.99,14.61
Harshal Patel,2014,9.98,29.22
Harshal Patel,2015,7.79,27.59
Harshal Patel,2016,7.01,43.75
Harshal Patel,2017,4.99,29.44
Harshal Patel,2018,4.99,57.28
Harshal Patel,2019,29.91,43.93
Harshal Patel,2020,4.99,39.76
Harshal Patel,2021,12.31,36.1
Harshal Patel,2022,10.84,64.97
Harshit Rana,2022,0.64,4.95
Hashim Amla,2016,28.39,0.0
Hashim Amla,2017,19.63,0.0
Heinrich Klaasen,2018,6.64,0.0
Heinrich Klaasen,2019,16.98,0.0
Herschelle Gibbs,2009,13.6,0.0
Herschelle Gibbs,2010,35.11,0.0
Herschelle Gibbs,2012,33.63,0.0
Hrithik Shokeen,2022,16.56,4.68
Imran Tahir,2014,2.12,19.83
Imran Tahir,2015,4.72,17.91
Imran Tahir,2016,3.77,17.67
Imran Tahir,2017,7.13,14.4
Imran Tahir,2018,3.77,33.44
Imran Tahir,2019,5.01,25.15
Imran Tahir,2020,3.77,49.22
Imran Tahir,2021,11.87,29.99
Iqbal Abdulla,2010,3.34,8.43
Iqbal Abdulla,2011,0.0,4.59
Iqbal Abdulla,2012,4.68,21.99
Iqbal Abdulla,2013,0.63,12.18
Iqbal Abdulla,2014,3.15,30.49
Iqbal Abdulla,2015,0.63,12.18
Iqbal Abdulla,2016,7.47,22.21
Iqbal Abdulla,2017,19.08,20.99
Irfan Pathan,2009,9.74,16.12
Irfan Pathan,2010,21.59,15.53
Irfan Pathan,2011,37.9,11.72
Irfan Pathan,2012,30.79,11.21
Irfan Pathan,2013,41.61,6.14
Irfan Pathan,2014,38.86,15.17
Irfan Pathan,2016,47.41,14.39
Irfan Pathan,2017,41.24,6.14
Ish Sodhi,2018,2.42,17.77
Ish Sodhi,2019,0.66,14.26
Ishan Kishan,2016,18.8,0.0
Ishan Kishan,2017,5.66,0.0
Ishan Kishan,2018,26.47,0.0
Ishan Kishan,2019,22.22,0.0
Ishan Kishan,2020,18.0,0.0
Ishan Kishan,2021,52.58,0.0
Ishan Kishan,2022,36.0,0.0
Ishan Malhotra,2011,4.36,0.0
Ishan Porel,2021,0.0,10.32
Ishank Jaggi,2011,9.41,0.0
Ishank Jaggi,2012,19.77,0.0
Ishank Jaggi,2017,18.82,0.0
Ishant Sharma,2009,1.52,6.81
Ishant Sharma,2010,5.07,21.35
Ishant Sharma,2011,3.73,17.31
Ishant Sharma,2013,2.84,14.77
Ishant Sharma,2014,1.52,26.63
Ishant Sharma,2015,1.52,25.77
Ishant Sharma,2016,1.52,16.87
Ishant Sharma,2017,1.52,24.52
Ishant Sharma,2019,2.84,32.48
Ishant Sharma,2020,9.08,45.64
Ishant Sharma,2021,2.84,32.48
Ishwar Pandey,2013,0.0,8.57
Ishwar Pandey,2014,0.0,3.96
Ishwar Pandey,2015,0.0,10.47
Isuru Udana,2020,2.42,8.18
Jacob Oram,2009,6.3,8.16
Jacob Oram,2011,3.55,5.21
Jacob Oram,2013,7.1,10.42
Jacques Kallis,2009,13.15,3.93
Jacques Kallis,2010,31.96,9.45
Jacques Kallis,2011,63.46,19.28
Jacques Kallis,2012,56.8,30.32
Jacques Kallis,2013,50.71,42.88
Jacques Kallis,2014,46.65,57.3
Jagadeesha Suchith,2015,4.34,11.21
Jagadeesha Suchith,2016,12.28,9.56
Jagadeesha Suchith,2019,8.68,20.77
Jagadeesha Suchith,2021,13.02,31.98
Jagadeesha Suchith,2022,21.78,20.77
Jalaj Saxena,2021,0.0,0.0
Jamaluddin Syed Mohammad,2011,3.5,6.71
Jamaluddin Syed Mohammad,2012,8.18,18.59
Jamaluddin Syed Mohammad,2013,6.0,6.71
James Faulkner,2011,6.91,13.35
James Faulkner,2012,0.0,35.55
James Faulkner,2013,4.94,29.91
James Faulkner,2014,4.43,58.83
James Faulkner,2015,16.1,38.64
James Faulkner,2016,13.75,36.35
James Faulkner,2017,25.31,32.82
James Franklin,2011,17.09,6.69
James Franklin,2012,35.65,5.08
James Hopes,2011,17.2,7.79
James Neesham,2014,6.34,7.31
James Neesham,2020,12.68,14.62
James Neesham,2021,10.66,11.45
James Neesham,2022,6.34,34.13
James Pattinson,2020,5.26,12.14
Jaskaran Singh,2009,0.69,5.04
Jaskaran Singh,2010,0.0,0.0
Jason Behrendorff,2019,0.0,11.63
Jason Holder,2013,6.85,13.7
Jason Holder,2014,0.0,4.0
Jason Holder,2016,6.85,17.7
Jason Holder,2020,13.7,31.4
Jason Holder,2021,26.68,55.4
Jason Holder,2022,22.24,82.48
Jason Roy,2017,18.88,0.0
Jason Roy,2018,14.8,0.0
Jason Roy,2021,33.68,0.0
Jasprit Bumrah,2013,1.56,15.72
Jasprit Bumrah,2014,0.0,14.91
Jasprit Bumrah,2015,0.32,5.84
Jasprit Bumrah,2016,0.0,11.92
Jasprit Bumrah,2017,2.75,25.74
Jasprit Bumrah,2018,8.33,42.65
Jasprit Bumrah,2019,5.06,60.24
Jasprit Bumrah,2020,2.75,78.04
Jasprit Bumrah,2021,5.87,106.41
Jasprit Bumrah,2022,4.31,98.07
Javon Searles,2018,2.64,5.18
Jayant Yadav,2015,2.32,7.0
Jayant Yadav,2016,0.0,23.1
Jayant Yadav,2017,1.95,12.51
Jayant Yadav,2019,4.27,19.51
Jayant Yadav,2020,1.95,19.44
Jayant Yadav,2021,1.95,27.63
Jaydev Unadkat,2010,2.59,9.82
Jaydev Unadkat,2011,0.0,25.74
Jaydev Unadkat,2012,0.0,21.88
Jaydev Unadkat,2013,0.0,9.82
Jaydev Unadkat,2014,0.62,24.24
Jaydev Unadkat,2015,0.33,21.25
Jaydev Unadkat,2016,0.0,9.82
Jaydev Unadkat,2017,0.0,9.82
Jaydev Unadkat,2018,1.25,40.27
Jaydev Unadkat,2019,7.94,17.47
Jaydev Unadkat,2020,1.57,26.02
Jaydev Unadkat,2021,7.94,23.19
Jaydev Unadkat,2022,17.71,31.99
Jean-Paul Duminy,2009,21.68,6.17
Jean-Paul Duminy,2010,47.95,18.59
Jean-Paul Duminy,2011,39.45,13.27
Jean-Paul Duminy,2012,36.64,12.51
Jean-Paul Duminy,2014,58.32,12.34
Jean-Paul Duminy,2015,83.6,9.95
Jean-Paul Duminy,2016,109.77,22.62
Jean-Paul Duminy,2018,105.28,16.12
Jeevan Mendis,2013,5.22,6.9
Jerome Taylor,2011,0.96,14.74
Jesse Ryder,2009,13.8,6.29
Jesse Ryder,2011,27.6,12.58
Jesse Ryder,2012,43.81,19.94
Jhye Richardson,2021,5.28,9.46
Jitesh Sharma,2022,17.3,0.0
Joe Denly,2019,0.0,0.0
Jofra Archer,2018,6.51,18.06
Jofra Archer,2019,1.64,17.71
Jofra Archer,2020,11.72,14.77
Joginder Sharma,2009,5.28,11.63
Joginder Sharma,2010,12.66,6.19
Joginder Sharma,2011,5.28,5.92
Johan Botha,2009,10.29,10.79
Johan Botha,2011,20.58,21.58
Johan Botha,2012,42.8,21.37
Johan Botha,2013,26.44,32.77
Johan Botha,2015,36.73,32.16
Johan van der Wath,2011,4.05,9.36
John Hastings,2014,0.0,13.83
John Hastings,2016,0.0,27.66
Jonny Bairstow,2019,26.83,0.0
Jonny Bairstow,2020,64.47,0.0
Jonny Bairstow,2021,51.31,0.0
Jonny Bairstow,2022,79.81,0.0
Jos Buttler,2016,27.46,0.0
Jos Buttler,2017,13.27,0.0
Jos Buttler,2018,33.27,0.0
Jos Buttler,2019,68.84,0.0
Jos Buttler,2020,63.76,0.0
Jos Buttler,2021,54.27,0.0
Jos Buttler,2022,82.25,0.0
Josh Hazlewood,2020,0.75,13.73
Josh Hazlewood,2021,0.0,5.2
Josh Hazlewood,2022,0.0,19.9
Josh Philippe,2020,11.7,0.0
Junior Dala,2018,0.0,0.0
Justin Kemp,2010,9.12,8.01
KC Cariappa,2015,2.69,6.3
KC Cariappa,2016,0.0,13.5
KC Cariappa,2017,4.51,12.62
KC Cariappa,2019,2.69,12.6
KL Rahul,2013,29.06,0.0
KL Rahul,2014,6.72,0.0
KL Rahul,2015,22.3,0.0
KL Rahul,2016,20.58,0.0
KL Rahul,2018,49.64,0.0
KL Rahul,2019,89.15,0.0
KL Rahul,2020,86.56,0.0
KL Rahul,2021,129.48,0.0
KL Rahul,2022,173.19,0.0
KM Asif,2018,0.0,11.88
KM Asif,2021,0.0,23.76
KP Appanna,2009,0.21,8.31
KP Appanna,2010,0.0,5.47
KP Appanna,2012,0.21,13.78
Kagiso Rabada,2017,5.82,19.43
Kagiso Rabada,2019,11.64,38.86
Kagiso Rabada,2020,8.11,67.67
Kagiso Rabada,2021,13.71,61.22
Kagiso Rabada,2022,10.81,51.18
Kamlesh Nagarkoti,2020,0.84,2.08
Kamlesh Nagarkoti,2021,3.37,8.32
Kamlesh Nagarkoti,2022,0.84,2.08
Kamran Khan,2009,0.65,9.34
Kamran Khan,2010,2.6,26.09
Kamran Khan,2011,0.65,20.62
Kane Richardson,2013,3.46,13.2
Kane Richardson,2014,16.06,7.57
Kane Richardson,2016,6.92,20.77
Kane Richardson,2021,10.38,33.97
Kane Williamson,2015,20.83,0.0
Kane Williamson,2016,12.28,0.0
Kane Williamson,2017,27.73,0.0
Kane Williamson,2018,56.94,0.0
Kane Williamson,2019,93.97,0.0
Kane Williamson,2020,69.79,0.0
Kane Williamson,2021,93.93,0.0
Kane Williamson,2022,92.82,0.0
Karan Goel,2009,8.97,0.0
Karan Goel,2010,19.02,0.0
Karan Sharma,2022,2.6,0.0
Karanveer Singh,2014,1.64,15.94
Karanveer Singh,2015,0.62,45.51
Karn Sharma,2009,3.84,9.47
Karn Sharma,2013,7.68,18.94
Karn Sharma,2014,16.9,31.64
Karn Sharma,2015,11.19,46.47
Karn Sharma,2016,19.4,40.18
Karn Sharma,2017,18.69,31.64
Karn Sharma,2018,16.65,53.2
Karn Sharma,2019,11.19,39.96
Karn Sharma,2020,11.19,39.29
Kartik Tyagi,2020,1.4,8.59
Kartik Tyagi,2021,1.32,17.98
Kartik Tyagi,2022,0.64,29.32
Karun Nair,2013,11.96,0.0
Karun Nair,2014,3.0,0.0
Karun Nair,2015,26.2,0.0
Karun Nair,2016,13.63,0.0
Karun Nair,2017,37.64,0.0
Karun Nair,2018,29.45,0.0
Karun Nair,2019,48.05,0.0
Karun Nair,2020,32.75,0.0
Karun Nair,2022,44.71,0.0
Kedar Jadhav,2010,10.38,0.0
Kedar Jadhav,2011,21.69,0.0
Kedar Jadhav,2013,20.76,0.0
Kedar Jadhav,2014,31.92,0.0
Kedar Jadhav,2015,43.13,0.0
Kedar Jadhav,2016,54.68,0.0
Kedar Jadhav,2017,51.88,0.0
Kedar Jadhav,2018,66.76,0.0
Kedar Jadhav,2019,81.72,0.0
Kedar Jadhav,2020,76.76,0.0
Kedar Jadhav,2021,76.26,0.0
Keemo Paul,2019,1.96,12.84
Kemar Roach,2010,6.84,0.0
Kevin Pietersen,2009,21.67,4.34
Kevin Pietersen,2010,11.05,19.55
Kevin Pietersen,2012,32.72,8.68
Kevin Pietersen,2014,54.39,13.02
Kevin Pietersen,2016,76.06,17.36
Kevon Cooper,2012,6.85,17.41
Kevon Cooper,2013,6.55,42.41
Kevon Cooper,2014,5.15,33.84
Khaleel Ahmed,2018,0.13,13.19
Khaleel Ahmed,2019,0.0,0.0
Khaleel Ahmed,2020,0.0,25.31
Khaleel Ahmed,2021,0.0,12.1
Khaleel Ahmed,2022,0.64,8.79
Kieron Pollard,2010,15.0,5.47
Kieron Pollard,2011,13.65,22.31
Kieron Pollard,2012,8.64,12.8
Kieron Pollard,2013,23.38,27.58
Kieron Pollard,2014,42.11,20.38
Kieron Pollard,2015,37.59,14.42
Kieron Pollard,2016,60.64,18.31
Kieron Pollard,2017,50.31,14.42
Kieron Pollard,2018,68.59,14.42
Kieron Pollard,2019,62.19,14.42
Kieron Pollard,2020,79.99,14.42
Kieron Pollard,2021,97.85,18.43
Kieron Pollard,2022,94.2,26.07
Krishmar Santokie,2014,0.0,13.44
Krishnakant  Upadhyay,2012,3.75,0.0
Krishnakant  Upadhyay,2013,10.63,0.0
Krishnappa Gowtham,2018,6.52,7.77
Krishnappa Gowtham,2019,6.49,17.21
Krishnappa Gowtham,2020,2.99,9.48
Krishnappa Gowtham,2022,9.51,17.25
Krunal Pandya,2016,12.43,9.1
Krunal Pandya,2017,34.75,7.14
Krunal Pandya,2018,29.35,18.4
Krunal Pandya,2019,25.11,31.38
Krunal Pandya,2020,21.75,28.75
Krunal Pandya,2021,19.54,23.29
Krunal Pandya,2022,27.94,28.43
Kuldeep Sen,2022,0.0,12.93
Kuldeep Yadav,2016,3.91,12.98
Kuldeep Yadav,2017,0.0,36.98
Kuldeep Yadav,2018,6.93,26.17
Kuldeep Yadav,2019,3.12,39.65
Kuldeep Yadav,2020,1.96,31.23
Kuldeep Yadav,2022,5.87,44.21
Kuldip Yadav,2021,0.0,0.0
Kulwant Khejroliya,2018,0.0,5.95
Kulwant Khejroliya,2019,0.0,12.45
Kumar Kartikeya,2022,1.95,15.99
Kumar Sangakkara,2009,27.06,0.0
Kumar Sangakkara,2010,20.68,0.0
Kumar Sangakkara,2011,43.17,0.0
Kumar Sangakkara,2012,41.87,0.0
Kumar Sangakkara,2013,32.79,0.0
Kusal Perera,2013,4.68,0.0
Kyle Abbott,2016,2.94,3.65
Kyle Jamieson,2021,6.6,10.46
Lakshmipathy Balaji,2009,0.0,15.63
Lakshmipathy Balaji,2010,0.65,12.19
Lakshmipathy Balaji,2011,4.79,11.2
Lakshmipathy Balaji,2012,1.9,8.58
Lakshmipathy Balaji,2013,0.65,35.53
Lakshmipathy Balaji,2014,3.75,20.58
Lalit Yadav,2021,13.34,8.52
Lalit Yadav,2022,11.53,19.61
Lasith Malinga,2009,1.87,20.64
Lasith Malinga,2010,0.0,42.58
Lasith Malinga,2011,0.62,37.81
Lasith Malinga,2012,2.33,68.86
Lasith Malinga,2013,8.6,63.42
Lasith Malinga,2014,3.32,54.18
Lasith Malinga,2015,4.6,80.09
Lasith Malinga,2017,6.47,74.82
Lasith Malinga,2019,8.34,95.46
Laxmi Shukla,2009,9.76,6.48
Laxmi Shukla,2010,19.82,14.88
Laxmi Shukla,2011,32.56,23.34
Laxmi Shukla,2012,29.42,14.88
Laxmi Shukla,2013,27.15,23.22
Laxmi Shukla,2014,20.84,21.72
Lee Carseldine,2009,11.83,16.68
Lendl Simmons,2014,24.74,2.21
Lendl Simmons,2015,68.4,11.03
Lendl Simmons,2016,60.36,2.21
Lendl Simmons,2017,30.18,2.21
Liam Livingstone,2019,13.95,1.92
Liam Livingstone,2021,27.9,3.84
Liam Livingstone,2022,19.61,1.92
Liam Plunkett,2018,0.32,6.43
Lockie Ferguson,2017,5.39,12.5
Lockie Ferguson,2019,10.78,25.0
Lockie Ferguson,2020,5.39,16.17
Lockie Ferguson,2021,18.88,31.88
Lockie Ferguson,2022,16.61,53.7
Love Ablish,2010,0.0,8.34
Love Ablish,2011,0.0,25.02
Luke Pomersbach,2009,37.82,0.0
Luke Pomersbach,2011,17.39,0.0
Luke Pomersbach,2013,34.78,0.0
Luke Ronchi,2009,5.76,0.0
Luke Wright,2012,7.44,1.89
Luke Wright,2013,0.0,0.0
Lukman Meriwala,2021,0.0,9.36
Lungi Ngidi,2018,0.0,21.94
Lungi Ngidi,2020,0.0,43.88
Lungi Ngidi,2021,0.0,43.54
M Shahrukh Khan,2021,10.85,0.0
M Shahrukh Khan,2022,22.02,0.0
MS Dhoni,2009,24.13,0.0
MS Dhoni,2010,21.08,0.0
MS Dhoni,2011,20.04,0.0
MS Dhoni,2012,43.98,0.0
MS Dhoni,2013,36.23,0.0
MS Dhoni,2014,58.87,0.0
MS Dhoni,2015,82.04,0.0
MS Dhoni,2016,76.09,0.0
MS Dhoni,2017,95.34,0.0
MS Dhoni,2018,90.93,0.0
MS Dhoni,2019,119.51,0.0
MS Dhoni,2020,154.53,0.0
MS Dhoni,2021,132.12,0.0
MS Dhoni,2022,127.0,0.0
Maheesh Theekshana,2022,2.35,18.95
Mahela Jayawardene,2009,11.03,0.0
Mahela Jayawardene,2010,28.52,0.0
Mahela Jayawardene,2011,56.02,0.0
Mahela Jayawardene,2012,45.72,0.0
Mahela Jayawardene,2013,63.21,0.0
Mahesh Rawat,2009,3.34,0.0
Mahesh Rawat,2013,6.74,0.0
Mahipal Lomror,2018,11.5,0.74
Mahipal Lomror,2019,7.56,0.0
Mahipal Lomror,2020,5.16,0.0
Mahipal Lomror,2021,19.74,0.0
Mahipal Lomror,2022,37.99,3.68
Manan Vohra,2013,14.78,0.0
Manan Vohra,2014,11.58,0.0
Manan Vohra,2015,44.19,0.0
Manan Vohra,2016,19.79,0.0
Manan Vohra,2017,36.82,0.0
Manan Vohra,2018,55.55,0.0
Manan Vohra,2021,51.6,0.0
Manan Vohra,2022,44.04,0.0
Mandeep Singh,2010,10.62,0.0
Mandeep Singh,2011,1.32,0.0
Mandeep Singh,2012,7.8,0.0
Mandeep Singh,2013,28.32,0.0
Mandeep Singh,2014,21.34,0.0
Mandeep Singh,2015,13.26,0.0
Mandeep Singh,2017,23.88,0.0
Mandeep Singh,2018,37.69,0.0
Mandeep Singh,2019,52.0,0.0
Mandeep Singh,2020,48.89,0.0
Mandeep Singh,2021,62.59,0.0
Mandeep Singh,2022,59.53,0.0
Manish Pandey,2009,0.99,0.0
Manish Pandey,2010,42.59,0.0
Manish Pandey,2011,15.24,0.0
Manish Pandey,2012,36.68,0.0
Manish Pandey,2013,26.81,0.0
Manish Pandey,2014,41.68,0.0
Manish Pandey,2015,61.44,0.0
Manish Pandey,2016,55.32,0.0
Manish Pandey,2017,72.63,0.0
Manish Pandey,2018,101.12,0.0
Manish Pandey,2019,89.28,0.0
Manish Pandey,2020,115.34,0.0
Manish Pandey,2021,111.48,0.0
Manish Pandey,2022,143.34,0.0
Manoj Tiwary,2009,11.29,0.0
Manoj Tiwary,2010,6.37,0.0
Manoj Tiwary,2011,22.6,9.12
Manoj Tiwary,2012,47.85,0.0
Manoj Tiwary,2013,36.05,0.0
Manoj Tiwary,2014,34.58,0.0
Manoj Tiwary,2015,49.33,0.0
Manoj Tiwary,2017,64.3,0.91
Manoj Tiwary,2018,83.54,0.0
Manpreet Gony,2009,5.38,14.4
Manpreet Gony,2010,4.2,6.99
Manpreet Gony,2011,1.32,2.88
Manpreet Gony,2012,0.0,16.92
Manpreet Gony,2013,2.72,8.64
Manpreet Gony,2017,5.52,16.32
Manprit Juneja,2013,13.17,0.0
Manvinder  Bisla,2010,13.16,0.0
Manvinder  Bisla,2011,29.18,0.0
Manvinder  Bisla,2012,23.84,0.0
Manvinder  Bisla,2013,47.16,0.0
Manvinder  Bisla,2014,37.33,0.0
Manvinder  Bisla,2015,25.91,0.0
Marchant de Lange,2012,0.21,11.45
Marchant de Lange,2014,0.42,22.9
Marchant de Lange,2015,1.06,47.86
Marco Jansen,2021,1.5,11.82
Marco Jansen,2022,0.0,25.14
Marcus Stoinis,2016,13.07,6.66
Marcus Stoinis,2017,36.18,21.21
Marcus Stoinis,2018,16.91,10.44
Marcus Stoinis,2019,27.44,15.06
Marcus Stoinis,2020,45.85,14.27
Marcus Stoinis,2021,42.63,24.67
Marcus Stoinis,2022,36.8,16.62
Mark Boucher,2009,17.7,0.0
Mark Boucher,2010,12.89,0.0
Mark Boucher,2011,4.45,0.0
Mark Wood,2018,0.63,0.0
Marlon Samuels,2012,6.32,8.29
Marlon Samuels,2013,17.7,21.41
Marlon Samuels,2017,12.64,16.58
Martin Guptill,2016,15.83,0.0
Martin Guptill,2017,14.11,0.0
Martin Guptill,2019,29.94,0.0
Mashrafe Mortaza,2009,1.24,0.0
Matheesha Pathirana,2022,0.0,12.5
Matt Henry,2017,0.0,3.45
Matthew Hayden,2009,42.58,0.0
Matthew Hayden,2010,40.49,0.0
Matthew Wade,2011,8.12,0.0
Matthew Wade,2022,16.24,0.0
Mayank Agarwal,2011,14.43,0.0
Mayank Agarwal,2012,29.17,0.0
Mayank Agarwal,2013,27.86,0.0
Mayank Agarwal,2014,23.85,0.0
Mayank Agarwal,2015,33.86,0.0
Mayank Agarwal,2016,49.79,0.0
Mayank Agarwal,2017,39.94,0.0
Mayank Agarwal,2018,39.8,0.0
Mayank Agarwal,2019,47.24,0.0
Mayank Agarwal,2020,66.14,0.0
Mayank Agarwal,2021,96.2,0.0
Mayank Agarwal,2022,95.71,0.0
Mayank Markande,2018,1.6,5.68
Mayank Markande,2019,4.04,18.95
Mayank Markande,2021,3.2,11.36
Mayank Markande,2022,1.6,5.68
Michael Clarke,2012,11.75,6.6
Michael Hussey,2010,26.81,0.0
Michael Hussey,2011,9.39,0.0
Michael Hussey,2012,38.96,0.0
Michael Hussey,2013,35.94,0.0
Michael Hussey,2014,73.89,0.0
Michael Hussey,2015,53.33,0.0
Michael Klinger,2011,13.67,0.0
Michael Lumb,2010,9.25,0.0
Michael Lumb,2011,27.75,0.0
Michael Neser,2013,0.0,0.0
Mitchell Johnson,2013,4.2,12.46
Mitchell Johnson,2014,8.64,32.11
Mitchell Johnson,2015,13.76,27.14
Mitchell Johnson,2016,11.3,22.97
Mitchell Johnson,2017,10.32,19.28
Mitchell Johnson,2018,16.61,39.2
Mitchell Marsh,2010,10.79,13.07
Mitchell Marsh,2011,10.05,7.6
Mitchell Marsh,2013,20.84,20.67
Mitchell Marsh,2016,31.63,33.74
Mitchell Marsh,2020,42.42,46.81
Mitchell Marsh,2022,53.21,59.88
Mitchell McClenaghan,2015,2.9,14.18
Mitchell McClenaghan,2016,2.88,32.51
Mitchell McClenaghan,2017,8.57,29.56
Mitchell McClenaghan,2018,4.6,28.53
Mitchell McClenaghan,2019,7.0,43.8
Mitchell Santner,2019,5.41,12.61
Mitchell Santner,2020,17.72,27.52
Mitchell Santner,2022,10.82,25.22
Mitchell Starc,2014,5.09,19.52
Mitchell Starc,2015,12.65,13.34
Mithun Manhas,2009,9.4,0.0
Mithun Manhas,2010,18.8,0.0
Mithun Manhas,2011,35.56,0.0
Mithun Manhas,2012,26.8,0.0
Mithun Manhas,2013,40.1,0.0
Mithun Manhas,2014,30.88,0.0
Moeen Ali,2018,13.54,8.64
Moeen Ali,2019,13.45,8.06
Moeen Ali,2020,29.54,17.9
Moeen Ali,2021,16.06,12.06
Moeen Ali,2022,33.74,21.48
Mohammad Ashraful,2009,1.4,0.0
Mohammad Kaif,2010,8.15,0.0
Mohammad Kaif,2011,6.4,0.0
Mohammad Kaif,2012,13.5,0.0
Mohammad Nabi,2017,6.65,8.05
Mohammad Nabi,2018,1.29,20.81
Mohammad Nabi,2019,7.23,13.3
Mohammad Nabi,2020,18.85,29.31
Mohammad Nabi,2021,14.11,13.3
Mohammed Shami,2013,1.91,10.73
Mohammed Shami,2014,5.31,3.78
Mohammed Shami,2016,3.82,14.51
Mohammed Shami,2017,2.53,10.2
Mohammed Shami,2018,6.49,16.83
Mohammed Shami,2019,11.11,23.89
Mohammed Shami,2020,6.81,39.39
Mohammed Shami,2021,7.45,55.95
Mohammed Shami,2022,10.63,74.01
Mohammed Siraj,2017,3.36,11.61
Mohammed Siraj,2018,0.0,31.32
Mohammed Siraj,2019,5.79,22.79
Mohammed Siraj,2020,0.93,19.69
Mohammed Siraj,2021,4.99,33.63
Mohammed Siraj,2022,4.89,30.51
Mohit Sharma,2013,1.83,12.12
Mohit Sharma,2014,0.0,32.8
Mohit Sharma,2015,0.63,29.59
Mohit Sharma,2016,3.72,22.38
Mohit Sharma,2017,7.98,33.4
Mohit Sharma,2018,12.91,32.75
Mohit Sharma,2019,9.74,29.5
Mohit Sharma,2020,7.98,40.66
Mohnish  Mishra,2010,7.6,0.0
Mohnish  Mishra,2011,18.2,0.0
Mohnish  Mishra,2012,17.2,0.0
Mohnish Parmar,2010,0.0,0.0
Mohsin Khan,2022,5.54,27.39
Moises Henriques,2009,11.98,10.54
Moises Henriques,2010,9.46,5.66
Moises Henriques,2013,21.44,16.2
Moises Henriques,2014,36.44,15.66
Moises Henriques,2015,24.45,26.01
Moises Henriques,2016,50.47,45.35
Moises Henriques,2017,32.98,34.82
Moises Henriques,2021,44.96,45.36
Monu Kumar,2020,0.0,0.0
Morne Morkel,2009,3.33,11.35
Morne Morkel,2010,8.77,0.0
Morne Morkel,2011,6.61,0.0
Morne Morkel,2012,12.21,15.71
Morne Morkel,2013,7.09,38.09
Morne Morkel,2014,13.37,24.11
Morne Morkel,2015,9.58,37.07
Morne Morkel,2016,12.07,56.51
Morne van Wyk,2009,30.1,0.0
Mujeeb Ur Rahman,2018,1.15,12.95
Mujeeb Ur Rahman,2019,4.51,31.22
Mujeeb Ur Rahman,2020,1.15,18.88
Mujeeb Ur Rahman,2021,1.78,12.95
Mukesh Choudhary,2022,1.98,13.76
Munaf Patel,2009,0.0,12.32
Munaf Patel,2010,4.47,33.22
Munaf Patel,2011,1.3,20.51
Munaf Patel,2012,-0.0,44.22
Munaf Patel,2013,0.63,37.72
Munaf Patel,2017,1.54,34.33
Murali Kartik,2009,6.84,6.86
Murali Kartik,2010,6.6,6.73
Murali Kartik,2011,14.19,20.54
Murali Kartik,2012,10.87,8.83
Murali Kartik,2013,16.26,13.74
Murali Kartik,2014,11.51,25.01
Murali Vijay,2009,17.05,0.0
Murali Vijay,2010,10.89,0.0
Murali Vijay,2011,34.25,0.0
Murali Vijay,2012,31.44,0.0
Murali Vijay,2013,29.01,0.0
Murali Vijay,2014,26.53,0.0
Murali Vijay,2015,24.68,0.0
Murali Vijay,2016,41.89,0.0
Murali Vijay,2018,41.73,0.0
Murali Vijay,2019,32.88,0.0
Murali Vijay,2020,59.11,0.0
Murugan Ashwin,2016,1.86,11.25
Murugan Ashwin,2018,3.72,22.5
Murugan Ashwin,2019,2.5,42.24
Murugan Ashwin,2020,3.15,29.23
Murugan Ashwin,2021,5.75,43.93
Murugan Ashwin,2022,11.03,32.97
Mustafizur Rahman,2016,0.84,10.42
Mustafizur Rahman,2017,0.0,25.75
Mustafizur Rahman,2018,0.0,10.42
Mustafizur Rahman,2021,0.84,20.84
Mustafizur Rahman,2022,2.52,32.61
Muttiah Muralitharan,2009,0.0,10.44
Muttiah Muralitharan,2010,1.3,30.98
Muttiah Muralitharan,2011,0.64,28.68
Muttiah Muralitharan,2012,3.76,15.91
Muttiah Muralitharan,2013,2.62,38.95
Muttiah Muralitharan,2014,0.64,22.35
Naman Ojha,2009,10.63,0.0
Naman Ojha,2010,26.47,0.0
Naman Ojha,2011,47.24,0.0
Naman Ojha,2012,34.52,0.0
Naman Ojha,2013,46.56,0.0
Naman Ojha,2014,37.62,0.0
Naman Ojha,2015,55.97,0.0
Naman Ojha,2016,46.31,0.0
Naman Ojha,2017,45.05,0.0
Naman Ojha,2018,56.49,0.0
Narayan Jagadeesan,2020,14.48,0.0
Narayan Jagadeesan,2022,28.96,0.0
Nathan Coulter-Nile,2013,3.16,16.05
Nathan Coulter-Nile,2014,9.1,13.68
Nathan Coulter-Nile,2015,3.16,43.2
Nathan Coulter-Nile,2016,5.79,32.57
Nathan Coulter-Nile,2017,8.59,23.58
Nathan Coulter-Nile,2020,11.75,39.63
Nathan Coulter-Nile,2021,20.75,32.5
Nathan Coulter-Nile,2022,13.02,56.79
Nathan Ellis,2021,3.28,10.28
Nathan Ellis,2022,9.84,4.18
Nathan McCullum,2011,9.9,0.0
Nathan Rimmington,2011,0.62,0.0
Nathu Singh,2017,0.0,13.32
Navdeep Saini,2019,2.58,7.02
Navdeep Saini,2020,0.64,17.21
Navdeep Saini,2021,7.75,12.5
Navdeep Saini,2022,1.92,7.02
Nayan Doshi,2010,0.0,13.14
Nayan Doshi,2011,0.0,36.66
Nic Maddinson,2014,3.99,0.0
Nic Maddinson,2015,9.31,0.0
Nicholas Pooran,2019,15.87,0.0
Nicholas Pooran,2020,36.55,0.0
Nicholas Pooran,2021,34.89,0.0
Nicholas Pooran,2022,21.05,0.0
Nikhil Naik,2016,4.71,0.0
Nikhil Naik,2019,9.42,0.0
Nikhil Naik,2020,14.54,0.0
Niraj Patel,2009,22.68,0.0
Nitin Saini,2012,10.01,0.0
Nitish Rana,2016,20.53,2.37
Nitish Rana,2017,47.53,0.0
Nitish Rana,2018,42.09,0.0
Nitish Rana,2019,35.23,11.1
Nitish Rana,2020,59.37,5.52
Nitish Rana,2021,53.73,0.0
Nitish Rana,2022,72.37,0.0
Nuwan Kulasekara,2011,1.56,13.21
Nuwan Kulasekara,2012,0.0,11.52
Obed McCoy,2022,5.25,16.83
Odean Smith,2022,6.08,9.11
Oshane Thomas,2019,0.0,15.75
Owais Shah,2010,14.95,0.0
Owais Shah,2011,36.23,0.0
Owais Shah,2012,23.65,0.0
Owais Shah,2013,44.72,0.0
Padmanabhan Prasanth,2011,0.0,0.0
Pankaj Singh,2009,1.56,0.0
Pankaj Singh,2010,0.32,7.14
Pankaj Singh,2011,0.96,16.98
Pankaj Singh,2012,0.32,7.14
Paras Dogra,2010,5.43,0.0
Paras Dogra,2012,10.86,0.0
Paras Dogra,2013,8.95,0.0
Pardeep Sahu,2016,6.7,7.14
Parthiv Patel,2009,18.51,0.0
Parthiv Patel,2010,11.2,0.0
Parthiv Patel,2011,24.63,0.0
Parthiv Patel,2012,22.75,0.0
Parthiv Patel,2013,34.44,0.0
Parthiv Patel,2014,51.31,0.0
Parthiv Patel,2015,47.08,0.0
Parthiv Patel,2016,65.0,0.0
Parthiv Patel,2017,59.85,0.0
Parthiv Patel,2018,78.16,0.0
Parthiv Patel,2019,97.6,0.0
Parvez Rasool,2013,2.45,5.86
Parvez Rasool,2014,1.71,14.86
Parvez Rasool,2015,0.0,9.46
Parvez Rasool,2016,1.24,17.56
Parvinder Awana,2012,0.89,14.05
Parvinder Awana,2013,3.39,32.62
Parvinder Awana,2014,1.05,28.17
Pat Cummins,2014,6.56,11.86
Pat Cummins,2015,0.0,25.54
Pat Cummins,2017,6.56,23.72
Pat Cummins,2020,13.12,35.58
Pat Cummins,2021,23.72,35.02
Pat Cummins,2022,37.5,49.51
Paul Collingwood,2010,23.85,12.01
Paul Valthaty,2009,8.97,2.63
Paul Valthaty,2011,17.94,5.26
Paul Valthaty,2012,44.01,15.8
Paul Valthaty,2013,21.34,5.26
Pawan Negi,2012,4.43,7.72
Pawan Negi,2013,10.88,26.1
Pawan Negi,2014,4.43,7.72
Pawan Negi,2015,4.43,7.72
Pawan Negi,2016,13.19,14.92
Pawan Negi,2017,12.1,9.88
Pawan Negi,2018,22.31,31.59
Pawan Negi,2019,13.05,13.96
Pawan Suyal,2013,0.0,7.62
Pawan Suyal,2014,0.0,21.84
Pawan Suyal,2015,0.0,16.26
Peter Handscomb,2016,4.2,0.0
Pinal Shah,2009,5.78,0.0
Pinal Shah,2011,12.04,0.0
Piyush Chawla,2009,9.19,13.49
Piyush Chawla,2010,2.09,12.29
Piyush Chawla,2011,9.29,11.34
Piyush Chawla,2012,8.05,28.32
Piyush Chawla,2013,14.21,25.02
Piyush Chawla,2014,12.44,20.97
Piyush Chawla,2015,12.15,37.56
Piyush Chawla,2016,17.52,32.39
Piyush Chawla,2017,23.68,45.3
Piyush Chawla,2018,18.84,43.59
Piyush Chawla,2019,22.51,43.56
Piyush Chawla,2020,28.43,41.02
Piyush Chawla,2021,22.51,50.38
Prabhsimran Singh,2019,8.28,0.0
Prabhsimran Singh,2020,20.01,0.0
Prabhsimran Singh,2021,13.31,0.0
Prabhsimran Singh,2022,19.98,0.0
Pradeep Sangwan,2009,0.65,8.02
Pradeep Sangwan,2010,1.67,22.88
Pradeep Sangwan,2012,2.72,15.77
Pradeep Sangwan,2013,1.67,25.37
Pradeep Sangwan,2016,2.72,23.52
Pradeep Sangwan,2017,1.67,15.77
Pradeep Sangwan,2018,2.1,25.71
Pradeep Sangwan,2022,3.15,23.52
Pragyan Ojha,2009,0.32,12.02
Pragyan Ojha,2010,0.16,30.42
Pragyan Ojha,2011,0.8,29.89
Pragyan Ojha,2012,0.16,25.72
Pragyan Ojha,2013,1.05,25.62
Pragyan Ojha,2014,0.59,40.27
Pragyan Ojha,2015,1.5,29.76
Prasanth Parameswaran,2011,0.31,14.11
Prasanth Parameswaran,2012,0.93,9.02
Prashant Chopra,2018,5.28,0.0
Prashant Solanki,2022,0.0,15.84
Prasidh Krishna,2018,0.66,10.79
Prasidh Krishna,2019,0.6,27.23
Prasidh Krishna,2020,0.0,14.75
Prasidh Krishna,2021,0.62,21.75
Prasidh Krishna,2022,0.0,34.92
Praveen Dubey,2020,4.42,0.0
Praveen Kumar,2009,6.37,10.31
Praveen Kumar,2010,5.52,22.92
Praveen Kumar,2011,0.85,20.21
Praveen Kumar,2012,3.51,30.4
Praveen Kumar,2013,6.94,28.48
Praveen Kumar,2014,11.4,40.42
Praveen Kumar,2015,7.58,55.78
Praveen Kumar,2016,10.46,46.72
Praveen Kumar,2017,10.22,53.86
Pravin Tambe,2013,2.2,9.39
Pravin Tambe,2014,1.86,4.18
Pravin Tambe,2015,1.62,20.64
Pravin Tambe,2016,0.95,13.16
Prayas Ray Barman,2019,14.64,0.0
Prerak Mankad,2022,2.5,0.0
Prithvi Raj,2019,0.0,4.35
Prithvi Shaw,2018,18.64,0.0
Prithvi Shaw,2019,38.73,0.0
Prithvi Shaw,2020,34.64,0.0
Prithvi Shaw,2021,30.98,0.0
Prithvi Shaw,2022,54.86,0.0
Priyam Garg,2020,12.11,0.0
Priyam Garg,2021,9.32,0.0
Priyam Garg,2022,19.68,0.0
Quinton de Kock,2013,21.51,0.0
Quinton de Kock,2014,1.3,0.0
Quinton de Kock,2015,17.46,0.0
Quinton de Kock,2016,49.29,0.0
Quinton de Kock,2018,38.97,0.0
Quinton de Kock,2019,36.29,0.0
Quinton de Kock,2020,62.41,0.0
Quinton de Kock,2021,60.91,0.0
Quinton de Kock,2022,57.47,0.0
RP Singh,2009,2.0,12.32
RP Singh,2010,1.05,33.3
RP Singh,2011,2.27,24.71
RP Singh,2012,1.31,38.68
RP Singh,2013,2.1,36.34
RP Singh,2016,2.07,49.67
Rahil Shaikh,2009,0.0,0.0
Rahul Chahar,2017,2.72,13.98
Rahul Chahar,2019,5.44,27.96
Rahul Chahar,2020,4.7,43.14
Rahul Chahar,2021,3.96,40.26
Rahul Chahar,2022,5.76,56.93
Rahul Dravid,2009,20.44,0.0
Rahul Dravid,2010,16.77,0.0
Rahul Dravid,2011,34.5,0.0
Rahul Dravid,2012,57.53,0.0
Rahul Dravid,2013,57.16,0.0
Rahul Sharma,2010,1.92,11.55
Rahul Sharma,2011,6.86,10.13
Rahul Sharma,2012,5.11,31.13
Rahul Sharma,2013,2.18,20.22
Rahul Sharma,2014,3.37,32.07
Rahul Shukla,2012,1.72,5.4
Rahul Shukla,2013,0.0,0.0
Rahul Shukla,2014,0.62,10.08
Rahul Tewatia,2014,9.11,9.29
Rahul Tewatia,2015,20.42,19.37
Rahul Tewatia,2017,18.22,18.58
Rahul Tewatia,2018,15.71,36.94
Rahul Tewatia,2019,22.85,28.15
Rahul Tewatia,2020,20.66,38.03
Rahul Tewatia,2021,39.63,48.08
Rahul Tewatia,2022,30.81,44.69
Rahul Tripathi,2017,17.69,0.0
Rahul Tripathi,2018,38.48,0.0
Rahul Tripathi,2019,31.61,0.0
Rahul Tripathi,2020,46.62,0.0
Rahul Tripathi,2021,62.08,0.0
Rahul Tripathi,2022,80.65,0.0
Raiphi Gomez,2011,3.22,3.77
Raiphi Gomez,2013,6.44,7.54
Rajagopal Sathish,2010,7.33,2.07
Rajagopal Sathish,2011,15.3,6.99
Rajagopal Sathish,2013,14.66,4.14
Rajagopal Sathish,2016,21.99,6.21
Rajat Bhatia,2009,8.12,8.07
Rajat Bhatia,2010,1.04,30.52
Rajat Bhatia,2011,6.31,15.37
Rajat Bhatia,2012,3.83,25.61
Rajat Bhatia,2013,7.8,36.78
Rajat Bhatia,2014,14.84,35.25
Rajat Bhatia,2015,14.39,48.74
Rajat Bhatia,2016,7.8,35.25
Rajat Bhatia,2017,12.88,43.61
Rajat Patidar,2021,26.67,0.0
Rajat Patidar,2022,12.86,0.0
Rajesh Bishnoi,2009,4.2,0.0
Raju Bhatkal,2012,0.0,0.0
RajÂ Bawa,2022,3.71,0.0
Ramandeep Singh,2022,8.4,22.2
Ramesh Powar,2009,17.43,7.92
Ramesh Powar,2010,5.86,17.84
Ramesh Powar,2011,1.68,14.03
Ramesh Powar,2012,4.28,12.24
Ranadeb Bose,2009,0.0,0.0
Rashid Khan,2017,4.76,19.25
Rashid Khan,2018,2.4,18.28
Rashid Khan,2019,7.98,18.24
Rashid Khan,2020,5.59,18.0
Rashid Khan,2021,9.49,41.28
Rashid Khan,2022,15.15,37.2
Rasikh Salam,2019,3.87,0.0
Rasikh Salam,2022,7.74,0.0
Rassie van der Dussen,2022,5.12,0.0
Ravi Bishnoi,2020,1.03,14.53
Ravi Bishnoi,2021,3.49,11.59
Ravi Bishnoi,2022,1.67,32.47
Ravi Bopara,2009,19.13,6.98
Ravi Bopara,2010,40.55,0.0
Ravi Bopara,2015,38.26,6.98
Ravi Rampaul,2013,6.78,13.32
Ravi Rampaul,2014,4.32,31.85
Ravichandran Ashwin,2009,5.48,16.32
Ravichandran Ashwin,2010,11.18,77.76
Ravichandran Ashwin,2011,8.95,34.08
Ravichandran Ashwin,2012,6.11,54.39
Ravichandran Ashwin,2013,8.48,45.93
Ravichandran Ashwin,2014,13.38,58.3
Ravichandran Ashwin,2015,19.86,71.99
Ravichandran Ashwin,2016,19.35,71.44
Ravichandran Ashwin,2018,18.86,87.76
Ravichandran Ashwin,2019,27.56,80.12
Ravichandran Ashwin,2020,23.48,94.97
Ravichandran Ashwin,2021,28.65,91.34
Ravichandran Ashwin,2022,34.95,87.34
Ravindra Jadeja,2009,10.75,0.0
Ravindra Jadeja,2011,22.98,9.03
Ravindra Jadeja,2012,41.41,7.92
Ravindra Jadeja,2013,32.58,19.64
Ravindra Jadeja,2014,43.09,19.49
Ravindra Jadeja,2015,54.2,34.83
Ravindra Jadeja,2016,51.91,29.21
Ravindra Jadeja,2017,61.47,26.89
Ravindra Jadeja,2018,74.13,24.05
Ravindra Jadeja,2019,69.43,34.77
Ravindra Jadeja,2020,78.92,49.55
Ravindra Jadeja,2021,95.61,39.97
Ravindra Jadeja,2022,115.18,51.55
Ravisrinivasan Sai Kishore,2022,0.0,15.94
Ray Price,2011,0.0,0.0
Reetinder Sodhi,2010,2.5,0.0
Richard Levi,2012,9.74,0.0
Ricky Bhui,2018,2.46,0.0
Ricky Bhui,2019,0.0,0.0
Ricky Ponting,2013,7.2,0.0
Rilee Rossouw,2014,6.95,0.0
Rilee Rossouw,2015,16.25,0.0
Riley Meredith,2021,0.0,9.86
Riley Meredith,2022,0.0,7.96
Rinku Singh,2018,10.19,0.0
Rinku Singh,2019,4.88,0.0
Rinku Singh,2020,13.94,0.0
Rinku Singh,2022,24.13,0.0
Ripal Patel,2021,6.87,0.0
Ripal Patel,2022,16.73,0.0
Rishabh Pant,2016,22.4,0.0
Rishabh Pant,2017,14.74,0.0
Rishabh Pant,2018,33.69,0.0
Rishabh Pant,2019,73.37,0.0
Rishabh Pant,2020,57.13,0.0
Rishabh Pant,2021,53.26,0.0
Rishabh Pant,2022,74.05,0.0
Rishi Dhawan,2013,6.61,9.08
Rishi Dhawan,2014,3.52,5.58
Rishi Dhawan,2015,15.27,18.47
Rishi Dhawan,2016,10.04,7.74
Rishi Dhawan,2022,16.65,16.82
Riyan Parag,2019,11.97,1.61
Riyan Parag,2020,36.92,4.97
Riyan Parag,2021,19.38,1.61
Riyan Parag,2022,18.36,3.03
Rob Quiney,2009,10.49,0.0
Robin Peterson,2012,4.38,8.52
Robin Uthappa,2009,18.73,0.0
Robin Uthappa,2010,9.68,0.0
Robin Uthappa,2011,29.45,0.0
Robin Uthappa,2012,24.96,0.0
Robin Uthappa,2013,44.47,0.0
Robin Uthappa,2014,65.34,0.0
Robin Uthappa,2015,99.47,0.0
Robin Uthappa,2016,86.86,0.0
Robin Uthappa,2017,85.0,0.0
Robin Uthappa,2018,107.06,0.0
Robin Uthappa,2019,100.9,0.0
Robin Uthappa,2020,121.39,0.0
Robin Uthappa,2021,112.52,0.0
Robin Uthappa,2022,134.36,0.0
Roelof van der Merwe,2009,4.25,17.67
Roelof van der Merwe,2010,14.91,12.44
Roelof van der Merwe,2011,4.89,41.96
Roelof van der Merwe,2012,7.09,32.24
Roelof van der Merwe,2013,4.89,23.64
Rohan Gavaskar,2010,1.36,0.0
Rohan Raje,2009,1.68,9.8
Rohit Sharma,2009,26.16,16.08
Rohit Sharma,2010,17.52,13.63
Rohit Sharma,2011,36.78,2.79
Rohit Sharma,2012,57.78,0.0
Rohit Sharma,2013,57.73,0.0
Rohit Sharma,2014,80.55,0.0
Rohit Sharma,2015,77.66,5.76
Rohit Sharma,2016,100.97,0.0
Rohit Sharma,2017,130.15,0.0
Rohit Sharma,2018,116.49,0.0
Rohit Sharma,2019,116.02,0.0
Rohit Sharma,2020,136.6,0.0
Rohit Sharma,2021,157.62,0.0
Rohit Sharma,2022,180.16,0.0
Romario Shepherd,2022,14.63,9.18
Ronit More,2015,1.24,4.73
Ross Taylor,2009,27.94,0.0
Ross Taylor,2010,19.67,0.0
Ross Taylor,2011,9.32,0.0
Ross Taylor,2012,22.73,0.0
Ross Taylor,2013,21.29,0.0
Ross Taylor,2014,18.44,0.0
Rovman Powell,2022,15.17,0.0
Rusty Theron,2010,1.88,11.07
Rusty Theron,2012,3.76,22.14
Rusty Theron,2015,5.64,33.21
Ruturaj Gaikwad,2020,27.7,0.0
Ruturaj Gaikwad,2021,57.84,0.0
Ruturaj Gaikwad,2022,91.04,0.0
Ryan Harris,2009,3.84,15.59
Ryan Harris,2010,3.1,10.0
Ryan Harris,2011,9.26,32.77
Ryan Harris,2012,6.11,25.18
Ryan Harris,2013,12.38,49.66
Ryan McLaren,2010,8.91,8.23
Ryan McLaren,2011,7.3,5.1
Ryan McLaren,2013,16.21,13.33
Ryan Ninan,2011,1.98,13.86
Ryan ten Doeschate,2011,13.19,3.2
Ryan ten Doeschate,2012,43.6,0.0
Ryan ten Doeschate,2013,18.02,12.42
Ryan ten Doeschate,2014,34.09,0.0
Ryan ten Doeschate,2015,23.91,3.6
S Badrinath,2009,13.24,0.0
S Badrinath,2010,11.93,0.0
S Badrinath,2011,30.92,0.0
S Badrinath,2012,60.65,0.0
S Badrinath,2013,48.01,0.0
Sachin Baby,2013,6.33,4.38
Sachin Baby,2016,12.66,8.76
Sachin Baby,2017,27.54,26.26
Sachin Baby,2021,18.99,13.14
Sachin Rana,2011,10.51,0.0
Sachin Rana,2014,21.02,0.0
Sachin Tendulkar,2009,21.75,0.0
Sachin Tendulkar,2010,44.13,0.0
Sachin Tendulkar,2011,79.24,0.0
Sachin Tendulkar,2012,73.71,0.0
Sachin Tendulkar,2013,63.29,0.0
Sachithra Senanayake,2013,1.83,17.28
Sai Sudharsan,2022,23.26,0.0
Sam Billings,2016,11.59,0.0
Sam Billings,2017,27.59,0.0
Sam Billings,2018,44.4,0.0
Sam Billings,2019,36.85,0.0
Sam Billings,2022,48.44,0.0
Sam Curran,2019,10.16,11.47
Sam Curran,2020,8.46,23.54
Sam Curran,2021,20.9,35.75
Samuel Badree,2013,0.57,8.49
Samuel Badree,2014,0.0,0.0
Samuel Badree,2017,0.57,8.49
Sanath Jayasuriya,2009,28.91,6.61
Sanath Jayasuriya,2010,13.28,15.73
Sandeep Lamichhane,2018,0.0,19.48
Sandeep Lamichhane,2019,0.0,43.96
Sandeep Sharma,2013,1.3,14.14
Sandeep Sharma,2014,0.0,41.02
Sandeep Sharma,2015,1.25,32.76
Sandeep Sharma,2016,3.4,27.9
Sandeep Sharma,2017,2.51,42.47
Sandeep Sharma,2018,4.7,58.83
Sandeep Sharma,2019,2.51,55.67
Sandeep Sharma,2020,4.39,55.5
Sandeep Sharma,2021,4.13,70.38
Sandeep Sharma,2022,6.79,60.33
Sandeep Warrier,2019,0.0,3.12
Sandeep Warrier,2020,0.0,12.48
Sandeep Warrier,2021,0.0,3.12
Sanjay Bangar,2009,4.55,5.0
Sanjay Yadav,2022,0.0,0.0
Sanju Samson,2013,19.81,0.0
Sanju Samson,2014,15.66,0.0
Sanju Samson,2015,35.4,0.0
Sanju Samson,2016,29.15,0.0
Sanju Samson,2017,45.25,0.0
Sanju Samson,2018,65.92,0.0
Sanju Samson,2019,88.53,0.0
Sanju Samson,2020,87.77,0.0
Sanju Samson,2021,85.65,0.0
Sanju Samson,2022,113.72,0.0
Sarabjit Ladda,2010,0.0,4.91
Sarabjit Ladda,2011,0.0,13.37
Sarabjit Ladda,2013,0.0,9.82
Sarabjit Ladda,2016,0.0,14.73
Sarfaraz Khan,2015,11.67,0.0
Sarfaraz Khan,2016,11.66,0.0
Sarfaraz Khan,2018,23.33,0.0
Sarfaraz Khan,2019,17.4,0.0
Sarfaraz Khan,2020,48.0,0.0
Sarfaraz Khan,2021,25.23,0.0
Sarfaraz Khan,2022,17.4,0.0
Saurabh Tiwary,2009,8.9,0.0
Saurabh Tiwary,2010,3.04,0.0
Saurabh Tiwary,2011,24.26,0.0
Saurabh Tiwary,2012,14.17,0.0
Saurabh Tiwary,2013,27.3,0.0
Saurabh Tiwary,2015,44.52,0.0
Saurabh Tiwary,2016,38.61,0.0
Saurabh Tiwary,2017,56.94,0.0
Saurabh Tiwary,2020,55.83,0.0
Saurabh Tiwary,2021,53.49,0.0
Scott Boland,2016,0.0,13.02
Scott Kuggeleijn,2019,0.0,11.28
Scott Styris,2009,10.61,5.06
Scott Styris,2011,7.72,17.15
Sean Abbott,2015,4.8,4.2
Sean Abbott,2022,9.6,8.4
Shadab Jakati,2009,1.43,8.64
Shadab Jakati,2010,8.63,33.11
Shadab Jakati,2011,1.43,23.98
Shadab Jakati,2012,1.43,18.1
Shadab Jakati,2014,2.86,17.28
Shadab Jakati,2016,4.29,25.92
Shadab Jakati,2017,3.48,21.08
Shahbaz Ahmed,2020,7.2,11.49
Shahbaz Ahmed,2021,0.62,25.17
Shahbaz Ahmed,2022,6.3,42.95
Shahbaz Nadeem,2011,1.05,8.31
Shahbaz Nadeem,2012,0.0,19.03
Shahbaz Nadeem,2013,0.0,17.76
Shahbaz Nadeem,2014,1.53,30.52
Shahbaz Nadeem,2015,3.11,26.67
Shahbaz Nadeem,2016,2.86,17.76
Shahbaz Nadeem,2017,2.13,23.61
Shahbaz Nadeem,2018,1.95,36.15
Shahbaz Nadeem,2019,5.71,28.26
Shahbaz Nadeem,2020,1.95,34.92
Shahbaz Nadeem,2021,4.31,43.78
Shakib Al Hasan,2011,8.62,11.29
Shakib Al Hasan,2012,6.67,34.02
Shakib Al Hasan,2014,15.29,22.58
Shakib Al Hasan,2015,31.04,35.27
Shakib Al Hasan,2016,23.48,33.92
Shakib Al Hasan,2017,35.74,29.61
Shakib Al Hasan,2018,24.1,22.58
Shakib Al Hasan,2019,37.58,32.84
Shakib Al Hasan,2021,32.72,44.13
Shalabh Srivastava,2010,0.78,11.15
Shalabh Srivastava,2011,0.32,7.9
Shane Bond,2010,0.64,15.58
Shane Harwood,2009,2.8,13.6
Shane Warne,2009,7.0,16.22
Shane Warne,2010,14.07,14.77
Shane Warne,2011,7.92,10.65
Shane Watson,2010,21.82,8.95
Shane Watson,2011,50.32,20.83
Shane Watson,2012,45.28,18.02
Shane Watson,2013,74.32,30.24
Shane Watson,2014,72.36,44.09
Shane Watson,2015,58.7,40.18
Shane Watson,2016,90.69,36.68
Shane Watson,2017,66.92,51.74
Shane Watson,2018,65.83,43.52
Shane Watson,2019,94.79,42.79
Shane Watson,2020,83.08,36.68
Shardul Thakur,2015,4.35,11.55
Shardul Thakur,2017,8.7,23.1
Shardul Thakur,2018,4.35,22.62
Shardul Thakur,2019,13.75,35.97
Shardul Thakur,2020,7.36,32.02
Shardul Thakur,2021,11.87,44.96
Shardul Thakur,2022,8.16,59.77
Shashank Singh,2022,9.68,0.0
Shaun Marsh,2010,28.31,0.0
Shaun Marsh,2011,59.95,0.0
Shaun Marsh,2012,59.53,0.0
Shaun Marsh,2013,48.56,0.0
Shaun Marsh,2014,79.37,0.0
Shaun Marsh,2015,76.12,0.0
Shaun Marsh,2016,63.06,0.0
Shaun Marsh,2017,84.05,0.0
Shaun Tait,2010,2.08,12.53
Shaun Tait,2011,6.31,27.26
Shaun Tait,2012,5.53,44.39
Shaun Tait,2013,2.08,42.1
Sheldon Cottrell,2020,0.0,11.4
Sheldon Jackson,2017,6.08,0.0
Sheldon Jackson,2022,12.16,0.0
Sherfane Rutherford,2019,10.12,0.92
Sherfane Rutherford,2022,20.24,1.84
Shikhar Dhawan,2009,20.23,0.0
Shikhar Dhawan,2010,6.98,0.0
Shikhar Dhawan,2011,20.92,0.0
Shikhar Dhawan,2012,43.28,9.12
Shikhar Dhawan,2013,74.31,8.19
Shikhar Dhawan,2014,68.83,0.0
Shikhar Dhawan,2015,64.25,0.0
Shikhar Dhawan,2016,62.48,0.0
Shikhar Dhawan,2017,86.96,0.0
Shikhar Dhawan,2018,114.63,0.0
Shikhar Dhawan,2019,111.47,0.0
Shikhar Dhawan,2020,137.15,0.0
Shikhar Dhawan,2021,166.79,0.0
Shikhar Dhawan,2022,196.82,0.0
Shimron Hetmyer,2019,14.28,0.0
Shimron Hetmyer,2020,12.85,0.0
Shimron Hetmyer,2021,12.16,0.0
Shimron Hetmyer,2022,27.4,0.0
Shivam Dube,2019,14.11,2.46
Shivam Dube,2020,6.93,0.0
Shivam Dube,2021,17.2,9.83
Shivam Dube,2022,36.92,0.0
Shivam Mavi,2018,3.58,11.35
Shivam Mavi,2020,7.16,22.7
Shivam Mavi,2021,5.82,36.54
Shivam Mavi,2022,14.42,54.18
Shivam Sharma,2014,0.8,8.34
Shivam Sharma,2015,2.4,18.18
Shivil Kaushik,2016,0.0,5.12
Shivil Kaushik,2017,0.0,15.37
Shoaib Ahmed,2009,0.22,8.01
Shoaib Shaikh,2009,3.99,0.0
Shreevats Goswami,2009,21.81,0.0
Shreevats Goswami,2010,21.6,0.0
Shreevats Goswami,2011,5.5,0.0
Shreevats Goswami,2012,4.86,0.0
Shreevats Goswami,2018,15.46,0.0
Shreevats Goswami,2020,26.06,0.0
Shreyas Gopal,2014,4.73,10.0
Shreyas Gopal,2015,12.33,28.69
Shreyas Gopal,2016,5.35,19.1
Shreyas Gopal,2018,10.08,29.1
Shreyas Gopal,2019,19.08,44.34
Shreyas Gopal,2020,16.32,64.09
Shreyas Gopal,2021,15.15,52.7
Shreyas Gopal,2022,12.38,44.34
Shreyas Iyer,2015,20.34,0.0
Shreyas Iyer,2016,45.01,0.0
Shreyas Iyer,2017,23.71,0.0
Shreyas Iyer,2018,45.58,0.0
Shreyas Iyer,2019,70.86,0.0
Shreyas Iyer,2020,68.25,0.0
Shreyas Iyer,2021,92.76,0.0
Shreyas Iyer,2022,86.64,0.0
Shrikant Mundhe,2011,0.0,16.68
Shrikant Wagh,2010,0.32,6.89
Shrikant Wagh,2011,0.0,6.24
Shubham Agarwal,2017,0.0,9.6
Shubman Gill,2018,20.86,0.0
Shubman Gill,2019,15.57,0.0
Shubman Gill,2020,33.51,0.0
Shubman Gill,2021,58.82,0.0
Shubman Gill,2022,55.27,0.0
Siddarth Kaul,2013,1.1,9.97
Siddarth Kaul,2014,5.51,8.51
Siddarth Kaul,2017,2.2,18.48
Siddarth Kaul,2018,1.1,38.25
Siddarth Kaul,2019,1.75,33.39
Siddarth Kaul,2020,1.1,27.97
Siddarth Kaul,2021,1.1,40.45
Siddarth Kaul,2022,3.58,38.55
Siddharth Chitnis,2009,5.9,10.08
Siddharth Chitnis,2011,13.02,2.52
Siddharth Chitnis,2012,12.02,-0.0
Siddharth Trivedi,2009,1.16,10.37
Siddharth Trivedi,2010,3.2,21.68
Siddharth Trivedi,2011,6.56,36.59
Siddharth Trivedi,2012,3.2,31.49
Siddharth Trivedi,2013,6.32,44.64
Siddhesh Lad,2019,10.53,0.0
Simarjeet Singh,2022,1.58,8.64
Simon Katich,2009,50.72,0.0
Sourav Ganguly,2009,21.02,13.37
Sourav Ganguly,2010,12.8,4.08
Sourav Ganguly,2011,41.83,0.0
Sourav Ganguly,2012,26.37,0.0
Sourav Sarkar,2009,0.0,6.0
Sreenath Aravind,2011,3.19,13.4
Sreenath Aravind,2012,7.27,34.38
Sreenath Aravind,2015,6.38,26.8
Sreenath Aravind,2016,3.19,50.8
Sreenath Aravind,2017,3.19,43.32
Sreesanth,2009,0.0,14.74
Sreesanth,2010,1.53,10.25
Sreesanth,2011,7.13,4.94
Sreesanth,2013,3.06,15.16
Sridharan Sriram,2010,12.21,0.0
Sridharan Sriram,2011,33.96,0.0
Srikar Bharat,2021,14.29,0.0
Srikar Bharat,2022,40.29,0.0
Srikkanth Anirudha,2010,5.33,0.0
Srikkanth Anirudha,2011,16.4,0.0
Srikkanth Anirudha,2012,28.68,0.0
Srikkanth Anirudha,2013,22.35,0.0
Srikkanth Anirudha,2014,16.4,0.0
Steven Smith,2012,21.33,0.0
Steven Smith,2013,20.98,0.0
Steven Smith,2014,18.86,0.0
Steven Smith,2015,16.65,0.0
Steven Smith,2016,35.07,0.0
Steven Smith,2017,66.24,0.0
Steven Smith,2019,56.4,0.0
Steven Smith,2020,83.08,0.0
Steven Smith,2021,72.99,0.0
Stuart Binny,2010,9.24,3.98
Stuart Binny,2011,5.25,0.0
Stuart Binny,2012,20.44,0.0
Stuart Binny,2013,16.2,6.4
Stuart Binny,2014,30.13,6.38
Stuart Binny,2015,24.01,5.26
Stuart Binny,2016,22.96,10.73
Stuart Binny,2017,31.62,6.37
Stuart Binny,2018,31.0,18.34
Stuart Binny,2019,28.89,6.37
Sudeep Tyagi,2009,0.94,5.13
Sudeep Tyagi,2010,0.0,13.82
Sudhesan Midhun,2019,0.0,0.0
Sumit Narwal,2010,9.79,4.13
Sumit Narwal,2013,19.58,8.26
Sunil Narine,2012,5.92,16.16
Sunil Narine,2013,3.01,48.33
Sunil Narine,2014,2.31,42.87
Sunil Narine,2015,1.34,38.04
Sunil Narine,2016,0.0,28.88
Sunil Narine,2017,1.65,42.84
Sunil Narine,2018,12.61,38.32
Sunil Narine,2019,28.24,52.28
Sunil Narine,2020,24.97,48.96
Sunil Narine,2021,21.77,44.7
Sunil Narine,2022,16.7,63.08
Sunny Gupta,2012,0.0,0.0
Sunny Singh,2011,5.77,0.0
Sunny Sohal,2009,1.28,0.0
Sunny Sohal,2011,11.21,0.0
Suraj Randiv,2011,1.28,9.79
Suresh Raina,2009,23.81,5.3
Suresh Raina,2010,23.54,16.92
Suresh Raina,2011,50.61,11.86
Suresh Raina,2012,44.66,9.84
Suresh Raina,2013,41.78,9.14
Suresh Raina,2014,67.54,13.46
Suresh Raina,2015,93.57,10.76
Suresh Raina,2016,84.04,15.94
Suresh Raina,2017,104.42,10.76
Suresh Raina,2018,129.64,12.68
Suresh Raina,2019,128.16,10.76
Suresh Raina,2021,125.85,14.21
Suryakumar Yadav,2012,16.83,0.0
Suryakumar Yadav,2014,33.66,0.0
Suryakumar Yadav,2015,29.47,0.0
Suryakumar Yadav,2016,25.35,0.0
Suryakumar Yadav,2017,37.83,0.0
Suryakumar Yadav,2018,36.16,0.0
Suryakumar Yadav,2019,65.24,0.0
Suryakumar Yadav,2020,58.19,0.0
Suryakumar Yadav,2021,83.79,0.0
Suryakumar Yadav,2022,74.61,0.0
Suyash Prabhudessai,2022,9.32,0.0
Swapnil Asnodkar,2009,27.18,0.0
Swapnil Asnodkar,2010,8.6,0.0
Swapnil Asnodkar,2011,1.6,0.0
Swapnil Singh,2016,2.04,1.42
Swapnil Singh,2017,0.0,0.0
T Natarajan,2017,0.24,11.23
T Natarajan,2020,0.48,22.46
T Natarajan,2021,1.43,34.95
T Natarajan,2022,0.48,33.98
TP Sudhindra,2012,0.0,2.8
Tabraiz Shamsi,2016,0.62,4.08
Tabraiz Shamsi,2021,1.24,8.16
Tanmay Srivastava,2009,2.75,0.0
Taruwar Kohli,2009,3.38,0.0
Tejas Baroka,2017,0.0,0.0
Thalaivan Sargunam,2013,7.31,0.0
Thilan Thushara,2009,2.06,18.77
Thilan Thushara,2010,0.66,38.69
Thisara Perera,2010,6.03,5.8
Thisara Perera,2011,0.0,0.0
Thisara Perera,2012,8.1,6.3
Thisara Perera,2013,1.35,0.0
Thisara Perera,2015,7.38,5.8
Thisara Perera,2016,5.4,5.4
Tilak Varma,2022,22.51,0.0
Tillakaratne Dilshan,2009,10.5,33.36
Tillakaratne Dilshan,2010,37.52,0.0
Tillakaratne Dilshan,2011,15.44,8.7
Tillakaratne Dilshan,2012,32.72,1.8
Tillakaratne Dilshan,2013,59.11,-0.0
Tim David,2021,8.8,0.0
Tim David,2022,0.63,0.0
Tim Paine,2011,3.51,0.0
Tim Seifert,2021,4.72,0.0
Tim Seifert,2022,1.28,0.0
Tim Southee,2011,3.81,9.1
Tim Southee,2014,7.62,18.2
Tim Southee,2015,6.41,9.1
Tim Southee,2016,10.82,18.7
Tim Southee,2017,15.81,29.49
Tim Southee,2018,15.32,29.1
Tim Southee,2019,25.33,25.66
Tim Southee,2021,19.13,34.76
Tim Southee,2022,17.27,47.48
Tirumalasetti Suman,2009,10.42,5.44
Tirumalasetti Suman,2010,25.14,19.3
Tirumalasetti Suman,2011,42.77,5.44
Tirumalasetti Suman,2012,32.45,5.44
Tirumalasetti Suman,2013,30.27,5.44
Tom Banton,2020,6.2,0.0
Tom Curran,2018,10.88,9.92
Tom Curran,2020,21.76,19.84
Tom Curran,2021,42.84,15.15
Travis Birt,2011,10.44,0.0
Travis Head,2016,14.91,1.97
Travis Head,2017,13.46,0.0
Trent Boult,2015,1.23,13.33
Trent Boult,2016,0.0,28.69
Trent Boult,2017,0.0,23.65
Trent Boult,2018,3.12,22.39
Trent Boult,2019,0.0,36.83
Trent Boult,2020,2.28,34.02
Trent Boult,2021,0.0,55.62
Trent Boult,2022,0.32,45.68
Tristan Stubbs,2022,0.64,0.0
Tushar Deshpande,2020,3.69,5.38
Tushar Deshpande,2022,7.38,10.76
Tymal Mills,2017,0.86,11.07
Tymal Mills,2022,1.72,22.14
Tyron Henderson,2009,3.68,7.56
Udit Birla,2013,5.04,0.0
Umesh Yadav,2010,2.44,11.2
Umesh Yadav,2011,1.88,11.11
Umesh Yadav,2012,0.32,3.6
Umesh Yadav,2013,0.74,18.67
Umesh Yadav,2014,5.41,15.22
Umesh Yadav,2015,2.02,14.85
Umesh Yadav,2016,8.93,12.84
Umesh Yadav,2017,4.97,25.14
Umesh Yadav,2018,3.58,39.99
Umesh Yadav,2019,2.42,58.22
Umesh Yadav,2020,5.92,47.42
Umesh Yadav,2022,4.86,58.62
Umran Malik,2021,0.34,13.75
Umran Malik,2022,0.0,8.4
Unmukt Chand,2011,7.14,0.0
Unmukt Chand,2012,0.66,0.0
Unmukt Chand,2013,13.75,0.0
Unmukt Chand,2014,13.48,0.0
Unmukt Chand,2015,2.01,0.0
Unmukt Chand,2016,16.95,0.0
Usman Khawaja,2016,15.5,0.0
VVS Laxman,2009,20.46,0.0
VVS Laxman,2010,2.51,0.0
VVS Laxman,2011,9.81,0.0
Vaibhav Arora,2022,0.84,6.42
Varun Aaron,2011,1.68,9.06
Varun Aaron,2012,0.0,18.9
Varun Aaron,2014,1.68,18.12
Varun Aaron,2015,8.93,37.7
Varun Aaron,2016,5.55,23.94
Varun Aaron,2017,1.68,20.78
Varun Aaron,2019,3.36,29.84
Varun Aaron,2020,5.25,28.99
Varun Aaron,2022,5.04,38.05
Varun Chakravarthy,2019,1.35,12.96
Varun Chakravarthy,2020,0.0,8.64
Varun Chakravarthy,2021,2.25,29.38
Varun Chakravarthy,2022,0.64,24.72
Veer Pratap Singh,2012,0.0,12.7
Venkatesh Iyer,2021,20.76,4.53
Venkatesh Iyer,2022,51.29,13.58
Venugopal Rao,2009,22.68,2.88
Venugopal Rao,2010,7.12,11.13
Venugopal Rao,2011,5.91,2.88
Venugopal Rao,2012,24.31,2.88
Venugopal Rao,2014,19.08,4.73
Vijay Shankar,2014,11.56,3.41
Vijay Shankar,2017,23.12,6.82
Vijay Shankar,2018,44.87,3.41
Vijay Shankar,2019,43.34,5.58
Vijay Shankar,2020,35.81,7.88
Vijay Shankar,2021,50.79,20.68
Vijay Shankar,2022,43.82,14.48
Vijay Zol,2014,10.27,0.0
Vikram Singh,2009,1.27,9.75
Vikram Singh,2010,0.0,2.7
Vikramjeet Malik,2009,0.91,6.05
Vikramjeet Malik,2010,0.0,4.9
Vikramjeet Malik,2011,3.95,3.87
Vikramjeet Malik,2013,0.91,9.92
Vikramjeet Malik,2014,0.0,21.12
Vinay Kumar,2009,4.18,7.94
Vinay Kumar,2010,4.01,17.64
Vinay Kumar,2011,3.65,31.36
Vinay Kumar,2012,8.48,29.81
Vinay Kumar,2013,15.3,45.6
Vinay Kumar,2014,27.88,63.2
Vinay Kumar,2015,16.59,54.56
Vinay Kumar,2016,15.3,52.03
Vinay Kumar,2017,19.86,66.07
Vinay Kumar,2018,15.3,85.51
Virat Kohli,2009,9.81,6.1
Virat Kohli,2010,23.96,0.0
Virat Kohli,2011,41.57,0.0
Virat Kohli,2012,71.76,2.45
Virat Kohli,2013,60.48,0.0
Virat Kohli,2014,93.32,0.0
Virat Kohli,2015,80.22,0.0
Virat Kohli,2016,106.75,0.0
Virat Kohli,2017,165.15,0.0
Virat Kohli,2018,130.94,0.0
Virat Kohli,2019,162.78,0.0
Virat Kohli,2020,156.48,0.0
Virat Kohli,2021,182.59,0.0
Virat Kohli,2022,177.5,0.0
Virat Singh,2021,5.33,0.0
Virender Sehwag,2009,21.37,3.58
Virender Sehwag,2010,12.8,0.0
Virender Sehwag,2011,31.17,23.45
Virender Sehwag,2012,60.63,0.0
Virender Sehwag,2013,54.39,0.0
Virender Sehwag,2014,48.01,0.0
Virender Sehwag,2015,67.84,0.0
Vishnu Vinod,2017,4.34,0.0
Wanindu Hasaranga de Silva,2021,1.97,11.77
Wanindu Hasaranga de Silva,2022,0.32,0.0
Washington Sundar,2017,5.84,9.95
Washington Sundar,2018,1.25,22.91
Washington Sundar,2019,10.37,15.95
Washington Sundar,2020,1.57,32.15
Washington Sundar,2021,10.55,24.95
Washington Sundar,2022,6.97,22.67
Wasim Jaffer,2009,14.04,0.0
Wayne Parnell,2011,3.1,13.76
Wayne Parnell,2012,8.33,29.16
Wayne Parnell,2013,5.64,27.41
Wayne Parnell,2014,9.0,43.21
Wilkin Mota,2009,10.26,4.14
Wriddhiman Saha,2009,12.26,0.0
Wriddhiman Saha,2010,7.32,0.0
Wriddhiman Saha,2011,15.53,0.0
Wriddhiman Saha,2012,50.18,0.0
Wriddhiman Saha,2013,19.87,0.0
Wriddhiman Saha,2014,37.23,0.0
Wriddhiman Saha,2015,58.49,0.0
Wriddhiman Saha,2016,51.02,0.0
Wriddhiman Saha,2017,67.81,0.0
Wriddhiman Saha,2018,66.83,0.0
Wriddhiman Saha,2019,59.59,0.0
Wriddhiman Saha,2020,71.46,0.0
Wriddhiman Saha,2021,121.95,0.0
Wriddhiman Saha,2022,82.04,0.0
Yash Dayal,2022,0.0,13.22
Yashasvi Jaiswal,2020,15.63,0.0
Yashasvi Jaiswal,2021,9.54,0.0
Yashasvi Jaiswal,2022,27.68,0.0
Yashpal Singh,2009,8.58,0.0
Yo Mahesh,2009,2.11,17.31
Yo Mahesh,2010,0.0,8.04
Yo Mahesh,2012,0.53,19.75
Yogesh Nagar,2009,9.67,8.09
Yogesh Nagar,2010,24.67,28.13
Yogesh Nagar,2011,10.33,18.89
Yogesh Nagar,2012,18.23,9.59
Yogesh Takawale,2009,14.46,0.0
Yogesh Takawale,2014,28.92,0.0
Yusuf Abdulla,2009,0.0,12.51
Yusuf Abdulla,2010,0.0,32.61
Yusuf Pathan,2009,21.22,7.54
Yusuf Pathan,2010,13.52,16.7
Yusuf Pathan,2011,30.9,13.85
Yusuf Pathan,2012,50.27,29.06
Yusuf Pathan,2013,39.77,16.82
Yusuf Pathan,2014,55.52,16.33
Yusuf Pathan,2015,72.02,13.85
Yusuf Pathan,2016,93.58,17.93
Yusuf Pathan,2017,119.53,22.52
Yusuf Pathan,2018,102.88,20.39
Yusuf Pathan,2019,118.11,34.67
Yuvraj Singh,2009,15.24,5.4
Yuvraj Singh,2010,34.14,14.73
Yuvraj Singh,2011,28.46,12.99
Yuvraj Singh,2013,44.55,10.38
Yuvraj Singh,2014,41.76,19.09
Yuvraj Singh,2015,62.81,16.66
Yuvraj Singh,2016,55.65,12.45
Yuvraj Singh,2017,73.37,10.38
Yuvraj Singh,2018,72.71,14.94
Yuvraj Singh,2019,63.2,10.38
Yuzvendra Chahal,2013,1.11,15.28
Yuzvendra Chahal,2014,0.0,0.0
Yuzvendra Chahal,2015,0.62,12.26
Yuzvendra Chahal,2016,1.24,30.72
Yuzvendra Chahal,2017,0.62,51.25
Yuzvendra Chahal,2018,2.09,44.78
Yuzvendra Chahal,2019,0.62,42.51
Yuzvendra Chahal,2020,1.95,59.36
Yuzvendra Chahal,2021,1.25,79.03
Yuzvendra Chahal,2022,4.35,76.32
Zaheer Khan,2009,3.38,13.98
Zaheer Khan,2010,1.84,28.68
Zaheer Khan,2011,7.47,27.65
Zaheer Khan,2012,14.79,26.02
Zaheer Khan,2013,9.51,41.14
Zaheer Khan,2014,7.47,80.97
Zaheer Khan,2015,9.24,53.87
Zaheer Khan,2016,7.47,69.4
Zaheer Khan,2017,9.49,64.57
